inspection_set_id,inspection_set_name,category,item_count,bridge_exists,current_schema_id,result_sample_exists,decision,reason_code,proposed_schema_id,mutation_authorized,observed_value_types,repeated_row_fit,special_layout_required,evidence
0013d293-44f2-4c31-848e-3b778e2998a1,산업안전보건기준에 관한 규칙 점검,,16,Y,,N,EXCEPTION,EXCEPTION_NO_RESULT_SAMPLE,,NO,NOT_OBSERVED,UNCERTAIN,UNCERTAIN,inspection_set_items=16; result_sample=0; no observed result shape
012c01c1-9e55-4116-a209-5a3647609ec3,산업안전보건기준에 관한 규칙 점검,,16,Y,,N,EXCEPTION,EXCEPTION_NO_RESULT_SAMPLE,,NO,NOT_OBSERVED,UNCERTAIN,UNCERTAIN,inspection_set_items=16; result_sample=0; no observed result shape
02fd3d42-2b01-4e07-ad5a-d9cd72a2372a,위험물안전관리법 시행규칙 점검,HAZMAT,16,Y,,N,EXCEPTION,EXCEPTION_NO_RESULT_SAMPLE,,NO,NOT_OBSERVED,UNCERTAIN,UNCERTAIN,inspection_set_items=16; result_sample=0; no observed result shape
036dbbe2-602a-4258-a44b-1582d64bc186,산업안전보건기준에 관한 규칙 점검,,16,Y,,N,EXCEPTION,EXCEPTION_NO_RESULT_SAMPLE,,NO,NOT_OBSERVED,UNCERTAIN,UNCERTAIN,inspection_set_items=16; result_sample=0; no observed result shape
03aa04d5-803f-4d21-a5f1-7e908cd7a48c,산업안전보건법 시행규칙 점검,,16,Y,,N,EXCEPTION,EXCEPTION_NO_RESULT_SAMPLE,,NO,NOT_OBSERVED,UNCERTAIN,UNCERTAIN,inspection_set_items=16; result_sample=0; no observed result shape
06e17514-8c55-45e7-8528-0c3eff2e67a9,산업안전보건기준에 관한 규칙 점검,SAFETY,16,Y,,N,EXCEPTION,EXCEPTION_NO_RESULT_SAMPLE,,NO,NOT_OBSERVED,UNCERTAIN,UNCERTAIN,inspection_set_items=16; result_sample=0; no observed result shape
07317ecb-46aa-44a1-a4aa-4fb22f504be9,건설기계 안전기준 시행세칙 점검,,16,Y,,N,EXCEPTION,EXCEPTION_NO_RESULT_SAMPLE,,NO,NOT_OBSERVED,UNCERTAIN,UNCERTAIN,inspection_set_items=16; result_sample=0; no observed result shape
084a6557-d608-4df5-a3d2-5f6091136b6d,산업안전보건기준에 관한 규칙 점검,,16,Y,,N,EXCEPTION,EXCEPTION_NO_RESULT_SAMPLE,,NO,NOT_OBSERVED,UNCERTAIN,UNCERTAIN,inspection_set_items=16; result_sample=0; no observed result shape
090eeab9-7457-4770-89d8-bcddff256994,산업안전보건기준에 관한 규칙 점검,,16,Y,,N,EXCEPTION,EXCEPTION_NO_RESULT_SAMPLE,,NO,NOT_OBSERVED,UNCERTAIN,UNCERTAIN,inspection_set_items=16; result_sample=0; no observed result shape
091bad84-3918-43bd-b82c-32ec9811c0d8,산업안전보건기준에 관한 규칙 점검,,16,Y,,N,EXCEPTION,EXCEPTION_NO_RESULT_SAMPLE,,NO,NOT_OBSERVED,UNCERTAIN,UNCERTAIN,inspection_set_items=16; result_sample=0; no observed result shape
0cd087fb-450e-42d4-8c7c-622f67ecaf42,산업안전보건기준에 관한 규칙 점검,,16,Y,,N,EXCEPTION,EXCEPTION_NO_RESULT_SAMPLE,,NO,NOT_OBSERVED,UNCERTAIN,UNCERTAIN,inspection_set_items=16; result_sample=0; no observed result shape
0f30315a-b0ef-4d2b-9784-9756dbb1b3f9,산업안전보건기준에 관한 규칙 점검,,16,Y,,N,EXCEPTION,EXCEPTION_NO_RESULT_SAMPLE,,NO,NOT_OBSERVED,UNCERTAIN,UNCERTAIN,inspection_set_items=16; result_sample=0; no observed result shape
0f46c756-d147-4af6-a05c-94c30f1f764a,산업안전보건법 점검,,16,Y,,N,EXCEPTION,EXCEPTION_NO_RESULT_SAMPLE,,NO,NOT_OBSERVED,UNCERTAIN,UNCERTAIN,inspection_set_items=16; result_sample=0; no observed result shape
10dc0021-1fab-455f-b105-f40f2d8b4bd9,산업안전보건기준에 관한 규칙 점검,,16,Y,,N,EXCEPTION,EXCEPTION_NO_RESULT_SAMPLE,,NO,NOT_OBSERVED,UNCERTAIN,UNCERTAIN,inspection_set_items=16; result_sample=0; no observed result shape
11727141-3dca-41e3-a5e3-bb9f760995e2,산업안전보건기준에 관한 규칙 점검,,16,Y,,N,EXCEPTION,EXCEPTION_NO_RESULT_SAMPLE,,NO,NOT_OBSERVED,UNCERTAIN,UNCERTAIN,inspection_set_items=16; result_sample=0; no observed result shape
11ec4ba0-8a77-47e1-b046-088da50e9867,산업안전보건기준에 관한 규칙 점검,,16,Y,,N,EXCEPTION,EXCEPTION_NO_RESULT_SAMPLE,,NO,NOT_OBSERVED,UNCERTAIN,UNCERTAIN,inspection_set_items=16; result_sample=0; no observed result shape
122a937e-4944-4047-af97-e7bf882d436b,토양환경보전법 점검,ENV,16,Y,,N,EXCEPTION,EXCEPTION_NO_RESULT_SAMPLE,,NO,NOT_OBSERVED,UNCERTAIN,UNCERTAIN,inspection_set_items=16; result_sample=0; no observed result shape
12443642-6998-451e-8ab3-23a7852896e1,건설기계 작업 전 점검,중장비점검,16,Y,,N,EXCEPTION,EXCEPTION_NO_RESULT_SAMPLE,,NO,NOT_OBSERVED,UNCERTAIN,UNCERTAIN,inspection_set_items=16; result_sample=0; no observed result shape
12d68be0-4241-47f5-8967-56a8eea0eff1,산업안전보건기준에 관한 규칙 점검,,16,Y,,N,EXCEPTION,EXCEPTION_NO_RESULT_SAMPLE,,NO,NOT_OBSERVED,UNCERTAIN,UNCERTAIN,inspection_set_items=16; result_sample=0; no observed result shape
12eb5a0c-bc7a-41c4-a073-b7deb7532743,산업안전보건기준에 관한 규칙 점검,,16,Y,,N,EXCEPTION,EXCEPTION_NO_RESULT_SAMPLE,,NO,NOT_OBSERVED,UNCERTAIN,UNCERTAIN,inspection_set_items=16; result_sample=0; no observed result shape
12fe6745-4869-4db1-baff-60b1c1b3d235,산업안전보건법 점검,,16,Y,,N,EXCEPTION,EXCEPTION_NO_RESULT_SAMPLE,,NO,NOT_OBSERVED,UNCERTAIN,UNCERTAIN,inspection_set_items=16; result_sample=0; no observed result shape
1359884b-76c8-4b74-8095-762ca08070a9,산업안전보건법 점검,SAFETY,16,Y,,N,EXCEPTION,EXCEPTION_NO_RESULT_SAMPLE,,NO,NOT_OBSERVED,UNCERTAIN,UNCERTAIN,inspection_set_items=16; result_sample=0; no observed result shape
135bacfb-6511-469b-816d-9abfad8bc226,산업안전보건기준에 관한 규칙 점검,,16,Y,,N,EXCEPTION,EXCEPTION_NO_RESULT_SAMPLE,,NO,NOT_OBSERVED,UNCERTAIN,UNCERTAIN,inspection_set_items=16; result_sample=0; no observed result shape
14462855-6c77-4d5a-a833-8288b11eb3ab,산업안전보건기준에 관한 규칙 점검,,16,Y,,N,EXCEPTION,EXCEPTION_NO_RESULT_SAMPLE,,NO,NOT_OBSERVED,UNCERTAIN,UNCERTAIN,inspection_set_items=16; result_sample=0; no observed result shape
146a0e5a-6516-47ec-b3c1-4084d332e7ac,산업안전보건기준에 관한 규칙 점검,,16,Y,,N,EXCEPTION,EXCEPTION_NO_RESULT_SAMPLE,,NO,NOT_OBSERVED,UNCERTAIN,UNCERTAIN,inspection_set_items=16; result_sample=0; no observed result shape
149a3968-2cd2-4726-bd61-f9e2e66c3972,산업안전보건기준에 관한 규칙 점검,,16,Y,,N,EXCEPTION,EXCEPTION_NO_RESULT_SAMPLE,,NO,NOT_OBSERVED,UNCERTAIN,UNCERTAIN,inspection_set_items=16; result_sample=0; no observed result shape
1659026b-3a60-4884-a19e-91a7f5b015d6,타워크레인 정기검사,중장비점검,16,Y,,N,EXCEPTION,EXCEPTION_NO_RESULT_SAMPLE,,NO,NOT_OBSERVED,UNCERTAIN,UNCERTAIN,inspection_set_items=16; result_sample=0; no observed result shape
168b5c65-3c0e-41a3-974f-cf5e21f23a65,VOC 배출시설 설치신고 및 보고,ENV,16,Y,,N,EXCEPTION,EXCEPTION_NO_RESULT_SAMPLE,,NO,NOT_OBSERVED,UNCERTAIN,UNCERTAIN,inspection_set_items=16; result_sample=0; no observed result shape
17a55967-fc18-4932-9a3e-e061a61dbc5e,대기환경보전법 시행규칙 점검,ENV,16,Y,,N,EXCEPTION,EXCEPTION_NO_RESULT_SAMPLE,,NO,NOT_OBSERVED,UNCERTAIN,UNCERTAIN,inspection_set_items=16; result_sample=0; no observed result shape
17b736ef-8eaf-4aab-98cc-723aebb44bbe,산업안전보건기준에 관한 규칙 점검,,16,Y,,N,EXCEPTION,EXCEPTION_NO_RESULT_SAMPLE,,NO,NOT_OBSERVED,UNCERTAIN,UNCERTAIN,inspection_set_items=16; result_sample=0; no observed result shape
17f85f2a-470b-4344-8398-413e7fdeab7b,산업안전보건기준에 관한 규칙 점검,,16,Y,,N,EXCEPTION,EXCEPTION_NO_RESULT_SAMPLE,,NO,NOT_OBSERVED,UNCERTAIN,UNCERTAIN,inspection_set_items=16; result_sample=0; no observed result shape
181124d0-8b5e-4525-a366-2d3fb1b726c5,산업안전보건기준에 관한 규칙 점검,,16,Y,,N,EXCEPTION,EXCEPTION_NO_RESULT_SAMPLE,,NO,NOT_OBSERVED,UNCERTAIN,UNCERTAIN,inspection_set_items=16; result_sample=0; no observed result shape
18255619-710a-4fd1-8de7-fcf463bc0c09,산업안전보건법 시행규칙 점검,,16,Y,,N,EXCEPTION,EXCEPTION_NO_RESULT_SAMPLE,,NO,NOT_OBSERVED,UNCERTAIN,UNCERTAIN,inspection_set_items=16; result_sample=0; no observed result shape
182a39b1-0f98-4ac1-82c1-db1b201587e6,산업안전보건기준에 관한 규칙 점검,,16,Y,,N,EXCEPTION,EXCEPTION_NO_RESULT_SAMPLE,,NO,NOT_OBSERVED,UNCERTAIN,UNCERTAIN,inspection_set_items=16; result_sample=0; no observed result shape
183237e0-46b5-48e7-bce8-748b1a59cbe9,산업안전보건기준에 관한 규칙 점검,,16,Y,,N,EXCEPTION,EXCEPTION_NO_RESULT_SAMPLE,,NO,NOT_OBSERVED,UNCERTAIN,UNCERTAIN,inspection_set_items=16; result_sample=0; no observed result shape
18bbf0c3-2d09-49b7-9c6c-6735c28691bc,산업안전보건법 시행규칙 점검,SAFETY,16,Y,,N,EXCEPTION,EXCEPTION_NO_RESULT_SAMPLE,,NO,NOT_OBSERVED,UNCERTAIN,UNCERTAIN,inspection_set_items=16; result_sample=0; no observed result shape
1ab342ed-efce-495c-9830-5e9d002382c6,산업안전보건기준에 관한 규칙 점검,,16,Y,,N,EXCEPTION,EXCEPTION_NO_RESULT_SAMPLE,,NO,NOT_OBSERVED,UNCERTAIN,UNCERTAIN,inspection_set_items=16; result_sample=0; no observed result shape
1e2524d8-7576-474b-baea-7725d918bf01,건설기계 안전기준 시행세칙 점검,,16,Y,,N,EXCEPTION,EXCEPTION_NO_RESULT_SAMPLE,,NO,NOT_OBSERVED,UNCERTAIN,UNCERTAIN,inspection_set_items=16; result_sample=0; no observed result shape
1faf027e-8cc5-4657-a5ed-776e81345a78,산업안전보건기준에 관한 규칙 점검,,16,Y,,N,EXCEPTION,EXCEPTION_NO_RESULT_SAMPLE,,NO,NOT_OBSERVED,UNCERTAIN,UNCERTAIN,inspection_set_items=16; result_sample=0; no observed result shape
20227105-d423-4852-828b-a115d818854b,산업안전보건기준에 관한 규칙 점검,,16,Y,,N,EXCEPTION,EXCEPTION_NO_RESULT_SAMPLE,,NO,NOT_OBSERVED,UNCERTAIN,UNCERTAIN,inspection_set_items=16; result_sample=0; no observed result shape
20c95603-5317-43ef-8619-8b2c5a44462c,산업안전보건기준에 관한 규칙 점검,,16,Y,,N,EXCEPTION,EXCEPTION_NO_RESULT_SAMPLE,,NO,NOT_OBSERVED,UNCERTAIN,UNCERTAIN,inspection_set_items=16; result_sample=0; no observed result shape
223d8913-b6c9-4fd1-8664-721599a2eb3b,산업안전보건기준에 관한 규칙 점검,,16,Y,,N,EXCEPTION,EXCEPTION_NO_RESULT_SAMPLE,,NO,NOT_OBSERVED,UNCERTAIN,UNCERTAIN,inspection_set_items=16; result_sample=0; no observed result shape
225bcb68-3b04-4421-a011-70f3b942fc56,산업안전보건기준에 관한 규칙 점검,,16,Y,,N,EXCEPTION,EXCEPTION_NO_RESULT_SAMPLE,,NO,NOT_OBSERVED,UNCERTAIN,UNCERTAIN,inspection_set_items=16; result_sample=0; no observed result shape
22daa3ec-91ec-47e5-9b20-fe25a2698d30,산업안전보건법 점검,,16,Y,,N,EXCEPTION,EXCEPTION_NO_RESULT_SAMPLE,,NO,NOT_OBSERVED,UNCERTAIN,UNCERTAIN,inspection_set_items=16; result_sample=0; no observed result shape
23480353-a011-483e-b063-bb1f082ae915,하수도법 점검,INFRA,16,Y,,N,EXCEPTION,EXCEPTION_NO_RESULT_SAMPLE,,NO,NOT_OBSERVED,UNCERTAIN,UNCERTAIN,inspection_set_items=16; result_sample=0; no observed result shape
234819b6-92e2-429a-b889-91c91e3b85cf,산업안전보건기준에 관한 규칙 점검,,16,Y,,N,EXCEPTION,EXCEPTION_NO_RESULT_SAMPLE,,NO,NOT_OBSERVED,UNCERTAIN,UNCERTAIN,inspection_set_items=16; result_sample=0; no observed result shape
2439fa14-38a9-4e9d-8345-e8c4b6ae717c,산업안전보건기준에 관한 규칙 점검,,16,Y,,N,EXCEPTION,EXCEPTION_NO_RESULT_SAMPLE,,NO,NOT_OBSERVED,UNCERTAIN,UNCERTAIN,inspection_set_items=16; result_sample=0; no observed result shape
2472b990-6c73-40f8-9bb8-704e788d726f,산업안전보건기준에 관한 규칙 점검,,16,Y,,N,EXCEPTION,EXCEPTION_NO_RESULT_SAMPLE,,NO,NOT_OBSERVED,UNCERTAIN,UNCERTAIN,inspection_set_items=16; result_sample=0; no observed result shape
248d3b97-6d3c-435c-a034-6719077d2ce1,산업안전보건기준에 관한 규칙 점검,,16,Y,,N,EXCEPTION,EXCEPTION_NO_RESULT_SAMPLE,,NO,NOT_OBSERVED,UNCERTAIN,UNCERTAIN,inspection_set_items=16; result_sample=0; no observed result shape
24bd83c3-be31-4eb5-a9f4-d302ad2b2075,산업안전보건법 점검,,16,Y,,N,EXCEPTION,EXCEPTION_NO_RESULT_SAMPLE,,NO,NOT_OBSERVED,UNCERTAIN,UNCERTAIN,inspection_set_items=16; result_sample=0; no observed result shape
253e0e2c-cf2e-4b2a-977e-a7b4e0cb4d6f,산업안전보건법 시행규칙 점검,,16,Y,,N,EXCEPTION,EXCEPTION_NO_RESULT_SAMPLE,,NO,NOT_OBSERVED,UNCERTAIN,UNCERTAIN,inspection_set_items=16; result_sample=0; no observed result shape
256294c7-8d8d-4bcf-b41e-523b69b2ed07,산업안전보건기준에 관한 규칙 점검,,16,Y,,N,EXCEPTION,EXCEPTION_NO_RESULT_SAMPLE,,NO,NOT_OBSERVED,UNCERTAIN,UNCERTAIN,inspection_set_items=16; result_sample=0; no observed result shape
27fd1a1b-9dbf-4012-a67c-ee8c3982965c,방호장치 자율안전기준 고시 점검,SAFETY,16,Y,,N,EXCEPTION,EXCEPTION_NO_RESULT_SAMPLE,,NO,NOT_OBSERVED,UNCERTAIN,UNCERTAIN,inspection_set_items=16; result_sample=0; no observed result shape
2892a230-c416-44ce-9152-bd41466c2d68,산업안전보건기준에 관한 규칙 점검,,16,Y,,N,EXCEPTION,EXCEPTION_NO_RESULT_SAMPLE,,NO,NOT_OBSERVED,UNCERTAIN,UNCERTAIN,inspection_set_items=16; result_sample=0; no observed result shape
2948e09e-fe8e-44b8-94d4-7255c9aa02f6,산업안전보건기준에 관한 규칙 점검,,16,Y,,N,EXCEPTION,EXCEPTION_NO_RESULT_SAMPLE,,NO,NOT_OBSERVED,UNCERTAIN,UNCERTAIN,inspection_set_items=16; result_sample=0; no observed result shape
2a4eb7a0-c197-4b01-9c55-6f4795806596,산업안전보건기준에 관한 규칙 점검,,16,Y,,N,EXCEPTION,EXCEPTION_NO_RESULT_SAMPLE,,NO,NOT_OBSERVED,UNCERTAIN,UNCERTAIN,inspection_set_items=16; result_sample=0; no observed result shape
2b0e1d64-69a3-4c9a-9cdb-dfe7a81cea08,대기오염 방지시설 개선조치,ENV,16,Y,,N,EXCEPTION,EXCEPTION_NO_RESULT_SAMPLE,,NO,NOT_OBSERVED,UNCERTAIN,UNCERTAIN,inspection_set_items=16; result_sample=0; no observed result shape
2e5c98d9-c0e1-46c5-b7be-50e8249b8f44,산업안전보건기준에 관한 규칙 점검,,16,Y,,N,EXCEPTION,EXCEPTION_NO_RESULT_SAMPLE,,NO,NOT_OBSERVED,UNCERTAIN,UNCERTAIN,inspection_set_items=16; result_sample=0; no observed result shape
2ecf7e1d-e0a2-4122-9c56-e4709443b169,산업안전보건기준에 관한 규칙 점검,SAFETY,16,Y,,N,EXCEPTION,EXCEPTION_NO_RESULT_SAMPLE,,NO,NOT_OBSERVED,UNCERTAIN,UNCERTAIN,inspection_set_items=16; result_sample=0; no observed result shape
30380b6d-318c-479d-915f-cc223699219f,산업안전보건기준에 관한 규칙 점검,,16,Y,,N,EXCEPTION,EXCEPTION_NO_RESULT_SAMPLE,,NO,NOT_OBSERVED,UNCERTAIN,UNCERTAIN,inspection_set_items=16; result_sample=0; no observed result shape
318db261-a276-465f-a7b4-2f6291f46f63,건설기술 진흥법 시행규칙 점검,,16,Y,,N,EXCEPTION,EXCEPTION_NO_RESULT_SAMPLE,,NO,NOT_OBSERVED,UNCERTAIN,UNCERTAIN,inspection_set_items=16; result_sample=0; no observed result shape
31ae52d3-b3ad-4a4d-bc58-75728f825ba6,산업안전보건기준에 관한 규칙 점검,,16,Y,,N,EXCEPTION,EXCEPTION_NO_RESULT_SAMPLE,,NO,NOT_OBSERVED,UNCERTAIN,UNCERTAIN,inspection_set_items=16; result_sample=0; no observed result shape
31c98655-2f14-4459-a038-54a76a21a4d6,산업안전보건기준에 관한 규칙 점검,,16,Y,,N,EXCEPTION,EXCEPTION_NO_RESULT_SAMPLE,,NO,NOT_OBSERVED,UNCERTAIN,UNCERTAIN,inspection_set_items=16; result_sample=0; no observed result shape
3338bc44-607c-4edd-a730-3cee33a4c879,위험물안전관리에 관한 세부기준 점검,HAZMAT,16,Y,,N,EXCEPTION,EXCEPTION_NO_RESULT_SAMPLE,,NO,NOT_OBSERVED,UNCERTAIN,UNCERTAIN,inspection_set_items=16; result_sample=0; no observed result shape
340086cd-0442-4742-b753-adc8003c39e9,건설기술 진흥법 시행령 점검,,16,Y,,N,EXCEPTION,EXCEPTION_NO_RESULT_SAMPLE,,NO,NOT_OBSERVED,UNCERTAIN,UNCERTAIN,inspection_set_items=16; result_sample=0; no observed result shape
350b8bda-4aef-4e35-a38b-4914ca6e40ad,산업안전보건기준에 관한 규칙 점검,,16,Y,,N,EXCEPTION,EXCEPTION_NO_RESULT_SAMPLE,,NO,NOT_OBSERVED,UNCERTAIN,UNCERTAIN,inspection_set_items=16; result_sample=0; no observed result shape
3515f324-d5cf-4641-9b40-3eb9f6370cae,건설기계 안전기준 시행세칙 점검,,16,Y,,N,EXCEPTION,EXCEPTION_NO_RESULT_SAMPLE,,NO,NOT_OBSERVED,UNCERTAIN,UNCERTAIN,inspection_set_items=16; result_sample=0; no observed result shape
35250d65-3495-45be-9e1a-39c579b75494,건설기계관리법 시행령 점검,,16,Y,,N,EXCEPTION,EXCEPTION_NO_RESULT_SAMPLE,,NO,NOT_OBSERVED,UNCERTAIN,UNCERTAIN,inspection_set_items=16; result_sample=0; no observed result shape
37c896e2-249f-4d71-9f75-7117eedac65d,산업안전보건기준에 관한 규칙 점검,,16,Y,,N,EXCEPTION,EXCEPTION_NO_RESULT_SAMPLE,,NO,NOT_OBSERVED,UNCERTAIN,UNCERTAIN,inspection_set_items=16; result_sample=0; no observed result shape
3820934e-3a1c-4164-aff2-8be8840e22b8,화학물질관리법 점검,ENV,16,Y,,N,EXCEPTION,EXCEPTION_NO_RESULT_SAMPLE,,NO,NOT_OBSERVED,UNCERTAIN,UNCERTAIN,inspection_set_items=16; result_sample=0; no observed result shape
389b734a-58f9-4211-931d-0994d57d8ac3,산업안전보건기준에 관한 규칙 점검,,16,Y,,N,EXCEPTION,EXCEPTION_NO_RESULT_SAMPLE,,NO,NOT_OBSERVED,UNCERTAIN,UNCERTAIN,inspection_set_items=16; result_sample=0; no observed result shape
39d2d745-bbcd-4689-a6dd-9beb29975496,전기안전관리법 시행규칙 점검,ELEC,16,Y,,N,EXCEPTION,EXCEPTION_NO_RESULT_SAMPLE,,NO,NOT_OBSERVED,UNCERTAIN,UNCERTAIN,inspection_set_items=16; result_sample=0; no observed result shape
3a975845-ae0d-4990-8210-974d2ec6c997,안전관리비 사용실적 보고,보고,16,Y,,N,EXCEPTION,EXCEPTION_NO_RESULT_SAMPLE,,NO,NOT_OBSERVED,UNCERTAIN,UNCERTAIN,inspection_set_items=16; result_sample=0; no observed result shape
3b28bd3f-9700-46c9-b6bb-66abd7e1edcf,산업안전보건기준에 관한 규칙 점검,,16,Y,,N,EXCEPTION,EXCEPTION_NO_RESULT_SAMPLE,,NO,NOT_OBSERVED,UNCERTAIN,UNCERTAIN,inspection_set_items=16; result_sample=0; no observed result shape
3b66e8ec-d705-4372-af4e-19d6173be6d9,산업안전보건기준에 관한 규칙 점검,,16,Y,,N,EXCEPTION,EXCEPTION_NO_RESULT_SAMPLE,,NO,NOT_OBSERVED,UNCERTAIN,UNCERTAIN,inspection_set_items=16; result_sample=0; no observed result shape
3c23307c-f61f-44f3-9d5c-20d6411cd66b,산업안전보건기준에 관한 규칙 점검,,16,Y,,N,EXCEPTION,EXCEPTION_NO_RESULT_SAMPLE,,NO,NOT_OBSERVED,UNCERTAIN,UNCERTAIN,inspection_set_items=16; result_sample=0; no observed result shape
3cdbdece-75db-4490-90a7-db5ae8e21cd2,산업안전보건기준에 관한 규칙 점검,,16,Y,,N,EXCEPTION,EXCEPTION_NO_RESULT_SAMPLE,,NO,NOT_OBSERVED,UNCERTAIN,UNCERTAIN,inspection_set_items=16; result_sample=0; no observed result shape
3ea3f6e7-af03-4a5d-b5d3-f61a3b74417d,산업안전보건법 점검,,16,Y,,N,EXCEPTION,EXCEPTION_NO_RESULT_SAMPLE,,NO,NOT_OBSERVED,UNCERTAIN,UNCERTAIN,inspection_set_items=16; result_sample=0; no observed result shape
3efabf75-696e-46e3-878f-799e0c65e4b3,건설기술 진흥법 시행령 점검,,16,Y,,N,EXCEPTION,EXCEPTION_NO_RESULT_SAMPLE,,NO,NOT_OBSERVED,UNCERTAIN,UNCERTAIN,inspection_set_items=16; result_sample=0; no observed result shape
3f07a01e-b2fa-4e92-ab60-845068a98a12,산업안전보건법 점검,,16,Y,,N,EXCEPTION,EXCEPTION_NO_RESULT_SAMPLE,,NO,NOT_OBSERVED,UNCERTAIN,UNCERTAIN,inspection_set_items=16; result_sample=0; no observed result shape
3f0afb56-c40b-49eb-bf1e-a7accdea7ea4,산업안전보건기준에 관한 규칙 점검,,16,Y,,N,EXCEPTION,EXCEPTION_NO_RESULT_SAMPLE,,NO,NOT_OBSERVED,UNCERTAIN,UNCERTAIN,inspection_set_items=16; result_sample=0; no observed result shape
3f2965f6-f0f5-45df-a94a-3e452292b019,산업안전보건기준에 관한 규칙 점검,,16,Y,,N,EXCEPTION,EXCEPTION_NO_RESULT_SAMPLE,,NO,NOT_OBSERVED,UNCERTAIN,UNCERTAIN,inspection_set_items=16; result_sample=0; no observed result shape
402855b3-ec6d-4f22-9432-dfb91a64b54b,산업안전보건기준에 관한 규칙 점검,,16,Y,,N,EXCEPTION,EXCEPTION_NO_RESULT_SAMPLE,,NO,NOT_OBSERVED,UNCERTAIN,UNCERTAIN,inspection_set_items=16; result_sample=0; no observed result shape
402f632a-b2d6-40c9-b95e-0a975f664d93,산업안전보건기준에 관한 규칙 점검,,16,Y,,N,EXCEPTION,EXCEPTION_NO_RESULT_SAMPLE,,NO,NOT_OBSERVED,UNCERTAIN,UNCERTAIN,inspection_set_items=16; result_sample=0; no observed result shape
408143a2-a079-47d2-add6-167a4db81dd9,산업안전보건기준에 관한 규칙 점검,,16,Y,,N,EXCEPTION,EXCEPTION_NO_RESULT_SAMPLE,,NO,NOT_OBSERVED,UNCERTAIN,UNCERTAIN,inspection_set_items=16; result_sample=0; no observed result shape
4198de8f-6ea7-4f9f-87a4-312a8bad9ce7,산업안전보건기준에 관한 규칙 점검,,16,Y,,N,EXCEPTION,EXCEPTION_NO_RESULT_SAMPLE,,NO,NOT_OBSERVED,UNCERTAIN,UNCERTAIN,inspection_set_items=16; result_sample=0; no observed result shape
41b0946a-6d9f-4281-9bae-a33a42bc9f5d,산업안전보건기준에 관한 규칙 점검,SAFETY,16,Y,,N,EXCEPTION,EXCEPTION_NO_RESULT_SAMPLE,,NO,NOT_OBSERVED,UNCERTAIN,UNCERTAIN,inspection_set_items=16; result_sample=0; no observed result shape
44ff3fe5-e132-4616-95fd-cd715c07731a,산업안전보건기준에 관한 규칙 점검,,16,Y,,N,EXCEPTION,EXCEPTION_NO_RESULT_SAMPLE,,NO,NOT_OBSERVED,UNCERTAIN,UNCERTAIN,inspection_set_items=16; result_sample=0; no observed result shape
455f15f2-920b-43fc-840e-4025dc3cd127,산업안전보건기준에 관한 규칙 점검,,16,Y,,N,EXCEPTION,EXCEPTION_NO_RESULT_SAMPLE,,NO,NOT_OBSERVED,UNCERTAIN,UNCERTAIN,inspection_set_items=16; result_sample=0; no observed result shape
4575f496-c94f-4e54-b1ae-fb15b96fa197,산업안전보건기준에 관한 규칙 점검,,16,Y,,N,EXCEPTION,EXCEPTION_NO_RESULT_SAMPLE,,NO,NOT_OBSERVED,UNCERTAIN,UNCERTAIN,inspection_set_items=16; result_sample=0; no observed result shape
46a157ad-c292-49f2-927e-31dba5e2c3a5,산업안전보건기준에 관한 규칙 점검,,16,Y,,N,EXCEPTION,EXCEPTION_NO_RESULT_SAMPLE,,NO,NOT_OBSERVED,UNCERTAIN,UNCERTAIN,inspection_set_items=16; result_sample=0; no observed result shape
46d8a016-93bb-4643-9f10-282da6807e90,산업안전보건기준에 관한 규칙 점검,,16,Y,,N,EXCEPTION,EXCEPTION_NO_RESULT_SAMPLE,,NO,NOT_OBSERVED,UNCERTAIN,UNCERTAIN,inspection_set_items=16; result_sample=0; no observed result shape
46e313fb-3428-4758-bb4d-0258f79ae026,산업안전보건기준에 관한 규칙 점검,,16,Y,,N,EXCEPTION,EXCEPTION_NO_RESULT_SAMPLE,,NO,NOT_OBSERVED,UNCERTAIN,UNCERTAIN,inspection_set_items=16; result_sample=0; no observed result shape
47fe176b-e214-462d-aa93-53097f0bd55b,산업안전보건기준에 관한 규칙 점검,,16,Y,,N,EXCEPTION,EXCEPTION_NO_RESULT_SAMPLE,,NO,NOT_OBSERVED,UNCERTAIN,UNCERTAIN,inspection_set_items=16; result_sample=0; no observed result shape
48a7784f-819e-42c1-8297-8ec2e0fc40ae,산업안전보건기준에 관한 규칙 점검,,16,Y,,N,EXCEPTION,EXCEPTION_NO_RESULT_SAMPLE,,NO,NOT_OBSERVED,UNCERTAIN,UNCERTAIN,inspection_set_items=16; result_sample=0; no observed result shape
4ad95cd1-f9dd-4acd-a644-72534e266a05,산업안전보건기준에 관한 규칙 점검,,16,Y,,N,EXCEPTION,EXCEPTION_NO_RESULT_SAMPLE,,NO,NOT_OBSERVED,UNCERTAIN,UNCERTAIN,inspection_set_items=16; result_sample=0; no observed result shape
4aeb60e4-2077-4eb5-a676-263f6aed04b8,전기사업법 점검,ELEC,16,Y,,N,EXCEPTION,EXCEPTION_NO_RESULT_SAMPLE,,NO,NOT_OBSERVED,UNCERTAIN,UNCERTAIN,inspection_set_items=16; result_sample=0; no observed result shape
4b1cf769-75f1-436b-9f0a-1893ef0ef8b9,위험물안전관리법 시행규칙 점검,HAZMAT,16,Y,,N,EXCEPTION,EXCEPTION_NO_RESULT_SAMPLE,,NO,NOT_OBSERVED,UNCERTAIN,UNCERTAIN,inspection_set_items=16; result_sample=0; no observed result shape
4c8c198f-0f3e-4d73-a2aa-43cbe0196ca1,산업안전보건기준에 관한 규칙 점검,,16,Y,,N,EXCEPTION,EXCEPTION_NO_RESULT_SAMPLE,,NO,NOT_OBSERVED,UNCERTAIN,UNCERTAIN,inspection_set_items=16; result_sample=0; no observed result shape
4c9f90e1-2d6f-4ee0-86e9-7fcd62bb5cfc,산업안전보건기준에 관한 규칙 점검,,16,Y,,N,EXCEPTION,EXCEPTION_NO_RESULT_SAMPLE,,NO,NOT_OBSERVED,UNCERTAIN,UNCERTAIN,inspection_set_items=16; result_sample=0; no observed result shape
4d5ad237-57bb-43d0-abfb-a18c50190d6a,전기안전관리법 시행령 점검,ELEC,16,Y,,N,EXCEPTION,EXCEPTION_NO_RESULT_SAMPLE,,NO,NOT_OBSERVED,UNCERTAIN,UNCERTAIN,inspection_set_items=16; result_sample=0; no observed result shape
4d62f0e8-ac98-40e2-9e57-291c4f09a988,방송통신설비의 기술기준에 관한 규정 점검,ELEC,16,Y,,N,EXCEPTION,EXCEPTION_NO_RESULT_SAMPLE,,NO,NOT_OBSERVED,UNCERTAIN,UNCERTAIN,inspection_set_items=16; result_sample=0; no observed result shape
4e623b14-eb9d-4ebb-a914-7c1c72267395,가설전기설비 점검,전기작업,16,Y,,N,EXCEPTION,EXCEPTION_NO_RESULT_SAMPLE,,NO,NOT_OBSERVED,UNCERTAIN,UNCERTAIN,inspection_set_items=16; result_sample=0; no observed result shape
4ebf039b-892a-47b2-b5ad-77b77b93d99f,산업안전보건기준에 관한 규칙 점검,,16,Y,,N,EXCEPTION,EXCEPTION_NO_RESULT_SAMPLE,,NO,NOT_OBSERVED,UNCERTAIN,UNCERTAIN,inspection_set_items=16; result_sample=0; no observed result shape
4ebf4dfa-a697-4107-bdfd-0f71e9b201ff,산업안전보건법 점검,,16,Y,,N,EXCEPTION,EXCEPTION_NO_RESULT_SAMPLE,,NO,NOT_OBSERVED,UNCERTAIN,UNCERTAIN,inspection_set_items=16; result_sample=0; no observed result shape
50c58896-7d72-45d5-a6d0-1c4bc2911bf7,산업안전보건기준에 관한 규칙 점검,,16,Y,,N,EXCEPTION,EXCEPTION_NO_RESULT_SAMPLE,,NO,NOT_OBSERVED,UNCERTAIN,UNCERTAIN,inspection_set_items=16; result_sample=0; no observed result shape
512d8bf9-3ff5-4cf7-8b67-da1658841eaf,산업안전보건법 점검,,16,Y,,N,EXCEPTION,EXCEPTION_NO_RESULT_SAMPLE,,NO,NOT_OBSERVED,UNCERTAIN,UNCERTAIN,inspection_set_items=16; result_sample=0; no observed result shape
513ae130-a627-4247-9d1d-b05c0ef45f32,산업안전보건기준에 관한 규칙 점검,,16,Y,,N,EXCEPTION,EXCEPTION_NO_RESULT_SAMPLE,,NO,NOT_OBSERVED,UNCERTAIN,UNCERTAIN,inspection_set_items=16; result_sample=0; no observed result shape
53743734-4be4-4db4-9244-9cfd079c22e0,산업안전보건기준에 관한 규칙 점검,SAFETY,16,Y,,N,EXCEPTION,EXCEPTION_NO_RESULT_SAMPLE,,NO,NOT_OBSERVED,UNCERTAIN,UNCERTAIN,inspection_set_items=16; result_sample=0; no observed result shape
541ad942-940a-4865-9f12-f54ddacdd4af,건축법 시행령 점검,BUILDING,16,Y,,N,EXCEPTION,EXCEPTION_NO_RESULT_SAMPLE,,NO,NOT_OBSERVED,UNCERTAIN,UNCERTAIN,inspection_set_items=16; result_sample=0; no observed result shape
54bc9c1e-503a-4ebf-8ee5-a07c5567969a,산업안전보건법 점검,,16,Y,,N,EXCEPTION,EXCEPTION_NO_RESULT_SAMPLE,,NO,NOT_OBSERVED,UNCERTAIN,UNCERTAIN,inspection_set_items=16; result_sample=0; no observed result shape
5607ef0a-4080-403e-99e1-5d8adf844334,산업안전보건기준에 관한 규칙 점검,,16,Y,,N,EXCEPTION,EXCEPTION_NO_RESULT_SAMPLE,,NO,NOT_OBSERVED,UNCERTAIN,UNCERTAIN,inspection_set_items=16; result_sample=0; no observed result shape
564aac40-58cb-410f-9a1d-0765fdf0c25e,산업안전보건법 점검,,16,Y,,N,EXCEPTION,EXCEPTION_NO_RESULT_SAMPLE,,NO,NOT_OBSERVED,UNCERTAIN,UNCERTAIN,inspection_set_items=16; result_sample=0; no observed result shape
57518604-57c1-456c-b029-e9dcf8405442,산업안전보건기준에 관한 규칙 점검,,16,Y,,N,EXCEPTION,EXCEPTION_NO_RESULT_SAMPLE,,NO,NOT_OBSERVED,UNCERTAIN,UNCERTAIN,inspection_set_items=16; result_sample=0; no observed result shape
577f90cf-cb73-4099-bb1e-17aa9f5615ff,물환경보전법 시행규칙 점검,ENV,16,Y,,N,EXCEPTION,EXCEPTION_NO_RESULT_SAMPLE,,NO,NOT_OBSERVED,UNCERTAIN,UNCERTAIN,inspection_set_items=16; result_sample=0; no observed result shape
583c4c08-b711-429e-8ab0-a326f3a45aab,산업안전보건법 점검,,16,Y,,N,EXCEPTION,EXCEPTION_NO_RESULT_SAMPLE,,NO,NOT_OBSERVED,UNCERTAIN,UNCERTAIN,inspection_set_items=16; result_sample=0; no observed result shape
58d5790f-e79b-4a63-97ee-cb84ead98315,산업안전보건기준에 관한 규칙 점검,,16,Y,,N,EXCEPTION,EXCEPTION_NO_RESULT_SAMPLE,,NO,NOT_OBSERVED,UNCERTAIN,UNCERTAIN,inspection_set_items=16; result_sample=0; no observed result shape
5ad41f4b-8fb7-4a5b-8e90-fd8771cff9a4,용해·주조 작업 전 안전점검,SAFETY,16,Y,,N,EXCEPTION,EXCEPTION_NO_RESULT_SAMPLE,,NO,NOT_OBSERVED,UNCERTAIN,UNCERTAIN,inspection_set_items=16; result_sample=0; no observed result shape
5bbe3a9a-a789-4c41-80cd-30349868ab03,산업안전보건기준에 관한 규칙 점검,,16,Y,,N,EXCEPTION,EXCEPTION_NO_RESULT_SAMPLE,,NO,NOT_OBSERVED,UNCERTAIN,UNCERTAIN,inspection_set_items=16; result_sample=0; no observed result shape
5c4e8bcb-9241-488d-adf5-21168f62869f,산업안전보건기준에 관한 규칙 점검,,16,Y,,N,EXCEPTION,EXCEPTION_NO_RESULT_SAMPLE,,NO,NOT_OBSERVED,UNCERTAIN,UNCERTAIN,inspection_set_items=16; result_sample=0; no observed result shape
5c541807-c8c9-4353-905d-3f9a2d8eb3c2,장애인·노인·임산부 등의 편의증진 보장에 관한 법률 점검,WELFARE,16,Y,,N,EXCEPTION,EXCEPTION_NO_RESULT_SAMPLE,,NO,NOT_OBSERVED,UNCERTAIN,UNCERTAIN,inspection_set_items=16; result_sample=0; no observed result shape
5ce55947-51d1-4568-8c40-a8a790a2e475,산업안전보건기준에 관한 규칙 점검,,16,Y,,N,EXCEPTION,EXCEPTION_NO_RESULT_SAMPLE,,NO,NOT_OBSERVED,UNCERTAIN,UNCERTAIN,inspection_set_items=16; result_sample=0; no observed result shape
5de65767-3522-4078-8e76-210e0d8bbb37,건설기계관리법 시행령 점검,MACHINERY,16,Y,,N,EXCEPTION,EXCEPTION_NO_RESULT_SAMPLE,,NO,NOT_OBSERVED,UNCERTAIN,UNCERTAIN,inspection_set_items=16; result_sample=0; no observed result shape
5df4611b-928a-4ac2-91fb-ca839cf43f76,건설기술 진흥법 점검,,16,Y,,N,EXCEPTION,EXCEPTION_NO_RESULT_SAMPLE,,NO,NOT_OBSERVED,UNCERTAIN,UNCERTAIN,inspection_set_items=16; result_sample=0; no observed result shape
5dfca4cd-5bb7-4f35-a099-d0bb6b85d38e,소방시설 설치 및 관리에 관한 법률 점검,FIRE,16,Y,,N,EXCEPTION,EXCEPTION_NO_RESULT_SAMPLE,,NO,NOT_OBSERVED,UNCERTAIN,UNCERTAIN,inspection_set_items=16; result_sample=0; no observed result shape
5e051e7c-8e8d-4f3f-a2dc-6a0f59b856cd,산업안전보건기준에 관한 규칙 점검,,16,Y,,N,EXCEPTION,EXCEPTION_NO_RESULT_SAMPLE,,NO,NOT_OBSERVED,UNCERTAIN,UNCERTAIN,inspection_set_items=16; result_sample=0; no observed result shape
5e2fb374-54da-4f34-bcb4-3da6eb90cc0a,건설기계관리법 점검,,16,Y,,N,EXCEPTION,EXCEPTION_NO_RESULT_SAMPLE,,NO,NOT_OBSERVED,UNCERTAIN,UNCERTAIN,inspection_set_items=16; result_sample=0; no observed result shape
5e32cc50-8782-4295-8bcd-ba09b337e082,산업안전보건기준에 관한 규칙 점검,,16,Y,,N,EXCEPTION,EXCEPTION_NO_RESULT_SAMPLE,,NO,NOT_OBSERVED,UNCERTAIN,UNCERTAIN,inspection_set_items=16; result_sample=0; no observed result shape
5e57e521-63be-497b-bac9-6ec81c87d813,산업안전보건기준에 관한 규칙 점검,,16,Y,,N,EXCEPTION,EXCEPTION_NO_RESULT_SAMPLE,,NO,NOT_OBSERVED,UNCERTAIN,UNCERTAIN,inspection_set_items=16; result_sample=0; no observed result shape
5e59f465-9f4c-488d-b1cd-4e74f2714530,악취방지법 점검,ENV,16,Y,,N,EXCEPTION,EXCEPTION_NO_RESULT_SAMPLE,,NO,NOT_OBSERVED,UNCERTAIN,UNCERTAIN,inspection_set_items=16; result_sample=0; no observed result shape
5fc06eea-3080-4ca9-b16c-f27f41a2673d,주차장법 점검,BUILDING,16,Y,,N,EXCEPTION,EXCEPTION_NO_RESULT_SAMPLE,,NO,NOT_OBSERVED,UNCERTAIN,UNCERTAIN,inspection_set_items=16; result_sample=0; no observed result shape
61980d10-ae91-49f3-b801-9e647af0200f,산업안전보건기준에 관한 규칙 점검,,16,Y,,N,EXCEPTION,EXCEPTION_NO_RESULT_SAMPLE,,NO,NOT_OBSERVED,UNCERTAIN,UNCERTAIN,inspection_set_items=16; result_sample=0; no observed result shape
61b6e5c9-f597-44e5-9f87-c645a6f6ee78,유해위험요인 신고,,0,N,,N,NON_ELIGIBLE,NON_INSPECTION_OBLIGATION,,NO,NOT_APPLICABLE,NOT_APPLICABLE,NOT_APPLICABLE,obligation_type=REPORT; item_count=0; bridge=N; no inspection structure
6227d36b-56d0-42fa-a3e0-337f480313d9,산업안전보건법 점검,SAFETY,16,Y,,N,EXCEPTION,EXCEPTION_NO_RESULT_SAMPLE,,NO,NOT_OBSERVED,UNCERTAIN,UNCERTAIN,inspection_set_items=16; result_sample=0; no observed result shape
6237e092-40f5-42a5-88a3-f3b28336e935,산업안전보건법 점검,,16,Y,,N,EXCEPTION,EXCEPTION_NO_RESULT_SAMPLE,,NO,NOT_OBSERVED,UNCERTAIN,UNCERTAIN,inspection_set_items=16; result_sample=0; no observed result shape
623cd748-9b7e-4c55-a414-0580d2edd331,위험물안전관리법 점검,HAZMAT,16,Y,,N,EXCEPTION,EXCEPTION_NO_RESULT_SAMPLE,,NO,NOT_OBSERVED,UNCERTAIN,UNCERTAIN,inspection_set_items=16; result_sample=0; no observed result shape
628ba9a6-30c9-46c7-bf43-092c2b265e2b,전기사업법 점검,ELEC,16,Y,,N,EXCEPTION,EXCEPTION_NO_RESULT_SAMPLE,,NO,NOT_OBSERVED,UNCERTAIN,UNCERTAIN,inspection_set_items=16; result_sample=0; no observed result shape
62c2e185-7640-4e1f-a619-76ad66cb06f9,산업안전보건기준에 관한 규칙 점검,,16,Y,,N,EXCEPTION,EXCEPTION_NO_RESULT_SAMPLE,,NO,NOT_OBSERVED,UNCERTAIN,UNCERTAIN,inspection_set_items=16; result_sample=0; no observed result shape
64035087-c44a-432d-926c-0c20e875e8fa,산업안전보건기준에 관한 규칙 점검,,16,Y,,N,EXCEPTION,EXCEPTION_NO_RESULT_SAMPLE,,NO,NOT_OBSERVED,UNCERTAIN,UNCERTAIN,inspection_set_items=16; result_sample=0; no observed result shape
6404196a-8b6f-476a-add1-c2589b6779cd,물환경보전법 점검,ENV,16,Y,,N,EXCEPTION,EXCEPTION_NO_RESULT_SAMPLE,,NO,NOT_OBSERVED,UNCERTAIN,UNCERTAIN,inspection_set_items=16; result_sample=0; no observed result shape
65fad383-8b39-4809-bacb-310ccdaf0136,건설기술 진흥법 시행령 점검,,16,Y,,N,EXCEPTION,EXCEPTION_NO_RESULT_SAMPLE,,NO,NOT_OBSERVED,UNCERTAIN,UNCERTAIN,inspection_set_items=16; result_sample=0; no observed result shape
65ff7fee-1d94-4a27-8167-9aeaf9215114,산업안전보건법 시행규칙 점검,,16,Y,,N,EXCEPTION,EXCEPTION_NO_RESULT_SAMPLE,,NO,NOT_OBSERVED,UNCERTAIN,UNCERTAIN,inspection_set_items=16; result_sample=0; no observed result shape
663cbdc7-90aa-4ed4-ac91-b708c33e71d2,산업안전보건기준에 관한 규칙 점검,,16,Y,,N,EXCEPTION,EXCEPTION_NO_RESULT_SAMPLE,,NO,NOT_OBSERVED,UNCERTAIN,UNCERTAIN,inspection_set_items=16; result_sample=0; no observed result shape
66c7acba-6b39-418b-8648-0b3aac72fac0,산업안전보건법 시행규칙 점검,,16,Y,,N,EXCEPTION,EXCEPTION_NO_RESULT_SAMPLE,,NO,NOT_OBSERVED,UNCERTAIN,UNCERTAIN,inspection_set_items=16; result_sample=0; no observed result shape
6736194c-1478-4128-84f1-604a236c7a59,산업안전보건기준에 관한 규칙 점검,,16,Y,,N,EXCEPTION,EXCEPTION_NO_RESULT_SAMPLE,,NO,NOT_OBSERVED,UNCERTAIN,UNCERTAIN,inspection_set_items=16; result_sample=0; no observed result shape
682b04aa-f2a2-4c95-a861-a4d178af88a9,산업안전보건법 점검,,16,Y,,N,EXCEPTION,EXCEPTION_NO_RESULT_SAMPLE,,NO,NOT_OBSERVED,UNCERTAIN,UNCERTAIN,inspection_set_items=16; result_sample=0; no observed result shape
69719013-2972-4ccb-b7dc-c67b13fe0753,산업안전보건법 시행규칙 점검,,16,Y,,N,EXCEPTION,EXCEPTION_NO_RESULT_SAMPLE,,NO,NOT_OBSERVED,UNCERTAIN,UNCERTAIN,inspection_set_items=16; result_sample=0; no observed result shape
69af43ba-eeb0-4a0c-92a7-6feffecb7113,건설기계관리법 점검,,16,Y,,N,EXCEPTION,EXCEPTION_NO_RESULT_SAMPLE,,NO,NOT_OBSERVED,UNCERTAIN,UNCERTAIN,inspection_set_items=16; result_sample=0; no observed result shape
6a2b185e-b58b-42c9-accf-297a1b15b6a0,산업안전보건기준에 관한 규칙 점검,,16,Y,,N,EXCEPTION,EXCEPTION_NO_RESULT_SAMPLE,,NO,NOT_OBSERVED,UNCERTAIN,UNCERTAIN,inspection_set_items=16; result_sample=0; no observed result shape
6a612251-d4b7-48ec-b3c7-d4d838dfbd75,산업안전보건기준에 관한 규칙 점검,,16,Y,,N,EXCEPTION,EXCEPTION_NO_RESULT_SAMPLE,,NO,NOT_OBSERVED,UNCERTAIN,UNCERTAIN,inspection_set_items=16; result_sample=0; no observed result shape
6a6c7147-7529-4cac-81cc-aad325a0bcb6,건설기계관리법 점검,MACHINERY,16,Y,,N,EXCEPTION,EXCEPTION_NO_RESULT_SAMPLE,,NO,NOT_OBSERVED,UNCERTAIN,UNCERTAIN,inspection_set_items=16; result_sample=0; no observed result shape
6b10687b-c044-4ac8-8680-41e369b11312,산업안전보건기준에 관한 규칙 점검,,16,Y,,N,EXCEPTION,EXCEPTION_NO_RESULT_SAMPLE,,NO,NOT_OBSERVED,UNCERTAIN,UNCERTAIN,inspection_set_items=16; result_sample=0; no observed result shape
6b897a96-b673-432a-9578-e41f93572e32,산업안전보건기준에 관한 규칙 점검,,16,Y,,N,EXCEPTION,EXCEPTION_NO_RESULT_SAMPLE,,NO,NOT_OBSERVED,UNCERTAIN,UNCERTAIN,inspection_set_items=16; result_sample=0; no observed result shape
6ba80622-6d72-403a-a5cc-cad972301afb,산업안전보건기준에 관한 규칙 점검,,16,Y,,N,EXCEPTION,EXCEPTION_NO_RESULT_SAMPLE,,NO,NOT_OBSERVED,UNCERTAIN,UNCERTAIN,inspection_set_items=16; result_sample=0; no observed result shape
6c76b3f2-d67f-4f00-bbcc-76cc67c7ced6,산업안전보건기준에 관한 규칙 점검,,16,Y,,N,EXCEPTION,EXCEPTION_NO_RESULT_SAMPLE,,NO,NOT_OBSERVED,UNCERTAIN,UNCERTAIN,inspection_set_items=16; result_sample=0; no observed result shape
6c7f1bae-5b64-428b-863b-94e9e0ef71e1,산업안전보건기준에 관한 규칙 점검,,16,Y,,N,EXCEPTION,EXCEPTION_NO_RESULT_SAMPLE,,NO,NOT_OBSERVED,UNCERTAIN,UNCERTAIN,inspection_set_items=16; result_sample=0; no observed result shape
6ca89077-c638-41fa-b8fd-b7695be574c7,산업안전보건기준에 관한 규칙 점검,,16,Y,,N,EXCEPTION,EXCEPTION_NO_RESULT_SAMPLE,,NO,NOT_OBSERVED,UNCERTAIN,UNCERTAIN,inspection_set_items=16; result_sample=0; no observed result shape
6d245e9c-6041-437c-b3f0-9a596bd86bee,건설기계관리법 시행령 점검,,16,Y,,N,EXCEPTION,EXCEPTION_NO_RESULT_SAMPLE,,NO,NOT_OBSERVED,UNCERTAIN,UNCERTAIN,inspection_set_items=16; result_sample=0; no observed result shape
6dac8dc7-b5a7-4ff2-b05d-25cfc990cfae,화재의 예방 및 안전관리에 관한 법률 시행령 점검,FIRE,16,Y,,N,EXCEPTION,EXCEPTION_NO_RESULT_SAMPLE,,NO,NOT_OBSERVED,UNCERTAIN,UNCERTAIN,inspection_set_items=16; result_sample=0; no observed result shape
6e706c0a-4fed-4a2c-a344-35bb4eb25397,산업안전보건기준에 관한 규칙 점검,,16,Y,,N,EXCEPTION,EXCEPTION_NO_RESULT_SAMPLE,,NO,NOT_OBSERVED,UNCERTAIN,UNCERTAIN,inspection_set_items=16; result_sample=0; no observed result shape
6fb45574-68b8-4e05-a885-ba133a748c2f,환경기술 및 환경산업 지원법 점검,ENV,16,Y,,N,EXCEPTION,EXCEPTION_NO_RESULT_SAMPLE,,NO,NOT_OBSERVED,UNCERTAIN,UNCERTAIN,inspection_set_items=16; result_sample=0; no observed result shape
70dce632-75a7-41cf-ab14-27ff967e782c,안전보건 관련 서류 3년 보존,SAFETY,16,Y,,N,EXCEPTION,EXCEPTION_NO_RESULT_SAMPLE,,NO,NOT_OBSERVED,UNCERTAIN,UNCERTAIN,inspection_set_items=16; result_sample=0; no observed result shape
7105156f-20ea-42db-9b8c-1931a268c713,산업안전보건기준에 관한 규칙 점검,,16,Y,,N,EXCEPTION,EXCEPTION_NO_RESULT_SAMPLE,,NO,NOT_OBSERVED,UNCERTAIN,UNCERTAIN,inspection_set_items=16; result_sample=0; no observed result shape
7229a4be-7768-4dec-aca3-34481ce36caa,건설기술 진흥법 시행규칙 점검,,16,Y,,N,EXCEPTION,EXCEPTION_NO_RESULT_SAMPLE,,NO,NOT_OBSERVED,UNCERTAIN,UNCERTAIN,inspection_set_items=16; result_sample=0; no observed result shape
722c2d2c-0597-40d9-9604-03c547960ebb,소방시설 설치 및 관리에 관한 법률 점검,FIRE,16,Y,,N,EXCEPTION,EXCEPTION_NO_RESULT_SAMPLE,,NO,NOT_OBSERVED,UNCERTAIN,UNCERTAIN,inspection_set_items=16; result_sample=0; no observed result shape
72cec013-29ce-422d-a370-aebaf4f5b561,산업안전보건기준에 관한 규칙 점검,,16,Y,,N,EXCEPTION,EXCEPTION_NO_RESULT_SAMPLE,,NO,NOT_OBSERVED,UNCERTAIN,UNCERTAIN,inspection_set_items=16; result_sample=0; no observed result shape
75d8e64d-eeaa-4bc7-9678-1e62961f82dd,건설기계관리법 시행령 점검,,16,Y,,N,EXCEPTION,EXCEPTION_NO_RESULT_SAMPLE,,NO,NOT_OBSERVED,UNCERTAIN,UNCERTAIN,inspection_set_items=16; result_sample=0; no observed result shape
76664917-99bc-4a48-865f-f0fbc87e79fb,건설기계관리법 시행령 점검,,16,Y,,N,EXCEPTION,EXCEPTION_NO_RESULT_SAMPLE,,NO,NOT_OBSERVED,UNCERTAIN,UNCERTAIN,inspection_set_items=16; result_sample=0; no observed result shape
774fad5b-2d7d-4ff6-9789-4e6544a86e96,전기안전관리법 점검,ELEC,16,Y,,N,EXCEPTION,EXCEPTION_NO_RESULT_SAMPLE,,NO,NOT_OBSERVED,UNCERTAIN,UNCERTAIN,inspection_set_items=16; result_sample=0; no observed result shape
78eb32f5-ce5e-40ea-9faa-023c38901697,산업안전보건법 점검,,16,Y,,N,EXCEPTION,EXCEPTION_NO_RESULT_SAMPLE,,NO,NOT_OBSERVED,UNCERTAIN,UNCERTAIN,inspection_set_items=16; result_sample=0; no observed result shape
7923c050-a112-42d6-9b99-68cbbb65c725,산업안전보건기준에 관한 규칙 점검,,16,Y,,N,EXCEPTION,EXCEPTION_NO_RESULT_SAMPLE,,NO,NOT_OBSERVED,UNCERTAIN,UNCERTAIN,inspection_set_items=16; result_sample=0; no observed result shape
7a2aa791-6ffb-4923-9729-d02247031c92,작업환경측정 및 정도관리 등에 관한 고시 점검,SAFETY,16,Y,,N,EXCEPTION,EXCEPTION_NO_RESULT_SAMPLE,,NO,NOT_OBSERVED,UNCERTAIN,UNCERTAIN,inspection_set_items=16; result_sample=0; no observed result shape
7c2423dd-a9e0-4bc0-a88c-63a1f98f213f,안전보건교육 실시,,0,N,,N,EXCEPTION,EXCEPTION_SOURCE_MISMATCH,,NO,NOT_OBSERVED,UNCERTAIN,UNCERTAIN,obligation_type=INSPECT vs obligation_summary=안전보건교육 실시 (semantic conflict); item_count=0; bridge=N; name-based judgment prohibited
7fee7518-0e77-445c-b822-d5178d069b3c,소방시설공사업법 점검,FIRE,16,Y,,Y,ELIGIBLE,ELIGIBLE_RESULT_SAMPLE_MULTIROW,dc79ac3c-388c-42dc-b029-3dd9bda54a47,NO,"raw_code,note",YES,NO,3 result rows (inspection 3f9cf36f); inspection_set_item_id resolves to active set items seq1 외관 상태 점검 / seq2 작동 시험 / seq3 안전장치 확인; result_code=NORMAL x3; note 3/3; value_text/value_number/photo 0/3; result.item_name NULL but identity preserved via set_item_id
8195ad3c-cc17-431c-bff5-558015ca129c,산업안전보건기준에 관한 규칙 점검,,16,Y,,N,EXCEPTION,EXCEPTION_NO_RESULT_SAMPLE,,NO,NOT_OBSERVED,UNCERTAIN,UNCERTAIN,inspection_set_items=16; result_sample=0; no observed result shape
8238d26a-6692-4ee7-8ebc-a7c50c92e1a7,악취방지법 점검,ENV,16,Y,,N,EXCEPTION,EXCEPTION_NO_RESULT_SAMPLE,,NO,NOT_OBSERVED,UNCERTAIN,UNCERTAIN,inspection_set_items=16; result_sample=0; no observed result shape
82ae0c85-80e9-4fa5-9a74-4fe7af5e67a3,산업안전보건기준에 관한 규칙 점검,,16,Y,,N,EXCEPTION,EXCEPTION_NO_RESULT_SAMPLE,,NO,NOT_OBSERVED,UNCERTAIN,UNCERTAIN,inspection_set_items=16; result_sample=0; no observed result shape
86340946-6c26-4585-9c95-0340474baba5,산업안전보건기준에 관한 규칙 점검,,16,Y,,N,EXCEPTION,EXCEPTION_NO_RESULT_SAMPLE,,NO,NOT_OBSERVED,UNCERTAIN,UNCERTAIN,inspection_set_items=16; result_sample=0; no observed result shape
87486d42-9d03-45f9-b095-76144e870200,산업안전보건기준에 관한 규칙 점검,,16,Y,,N,EXCEPTION,EXCEPTION_NO_RESULT_SAMPLE,,NO,NOT_OBSERVED,UNCERTAIN,UNCERTAIN,inspection_set_items=16; result_sample=0; no observed result shape
8ad7faf7-b415-4bff-9633-f774d6d3e5c9,소방시설공사업법 점검,FIRE,16,Y,,N,EXCEPTION,EXCEPTION_NO_RESULT_SAMPLE,,NO,NOT_OBSERVED,UNCERTAIN,UNCERTAIN,inspection_set_items=16; result_sample=0; no observed result shape
8b60a584-8147-4808-a7ee-c8c653a37ff3,산업안전보건기준에 관한 규칙 점검,,16,Y,,N,EXCEPTION,EXCEPTION_NO_RESULT_SAMPLE,,NO,NOT_OBSERVED,UNCERTAIN,UNCERTAIN,inspection_set_items=16; result_sample=0; no observed result shape
8c427931-b8ec-49b3-a71e-dfc9c92627a5,산업안전보건법 시행규칙 점검,,16,Y,,N,EXCEPTION,EXCEPTION_NO_RESULT_SAMPLE,,NO,NOT_OBSERVED,UNCERTAIN,UNCERTAIN,inspection_set_items=16; result_sample=0; no observed result shape
8c71a316-1c87-496d-949d-3c08e39d1ce7,압연·인발 설비 정기 안전검사,SAFETY,16,Y,,N,EXCEPTION,EXCEPTION_NO_RESULT_SAMPLE,,NO,NOT_OBSERVED,UNCERTAIN,UNCERTAIN,inspection_set_items=16; result_sample=0; no observed result shape
8e6b6a9b-83c8-447e-85b5-6c76588eabdb,산업안전보건기준에 관한 규칙 점검,SAFETY,16,Y,,N,EXCEPTION,EXCEPTION_NO_RESULT_SAMPLE,,NO,NOT_OBSERVED,UNCERTAIN,UNCERTAIN,inspection_set_items=16; result_sample=0; no observed result shape
8e80c695-e464-4660-b9f6-f9aec11d68d2,산업안전보건기준에 관한 규칙 점검,,16,Y,,N,EXCEPTION,EXCEPTION_NO_RESULT_SAMPLE,,NO,NOT_OBSERVED,UNCERTAIN,UNCERTAIN,inspection_set_items=16; result_sample=0; no observed result shape
8fca04e0-ab18-4e2f-98c8-8f05befbd77e,산업안전보건기준에 관한 규칙 점검,,16,Y,,N,EXCEPTION,EXCEPTION_NO_RESULT_SAMPLE,,NO,NOT_OBSERVED,UNCERTAIN,UNCERTAIN,inspection_set_items=16; result_sample=0; no observed result shape
8ff4aefe-0bea-486e-a952-98da2aabc399,산업안전보건기준에 관한 규칙 점검,,16,Y,,N,EXCEPTION,EXCEPTION_NO_RESULT_SAMPLE,,NO,NOT_OBSERVED,UNCERTAIN,UNCERTAIN,inspection_set_items=16; result_sample=0; no observed result shape
9017ecbc-1902-4b49-b495-acdf09bf219b,산업안전보건기준에 관한 규칙 점검,SAFETY,16,Y,,N,EXCEPTION,EXCEPTION_NO_RESULT_SAMPLE,,NO,NOT_OBSERVED,UNCERTAIN,UNCERTAIN,inspection_set_items=16; result_sample=0; no observed result shape
903613a3-a771-453e-9ce0-ddef84a71049,산업안전보건법 시행규칙 점검,,16,Y,,N,EXCEPTION,EXCEPTION_NO_RESULT_SAMPLE,,NO,NOT_OBSERVED,UNCERTAIN,UNCERTAIN,inspection_set_items=16; result_sample=0; no observed result shape
92ca319e-509e-4b5e-805c-5f5cf7d4b4ac,산업안전보건기준에 관한 규칙 점검,,16,Y,,N,EXCEPTION,EXCEPTION_NO_RESULT_SAMPLE,,NO,NOT_OBSERVED,UNCERTAIN,UNCERTAIN,inspection_set_items=16; result_sample=0; no observed result shape
93d09c83-514d-4943-9dac-490c3e118116,산업안전보건기준에 관한 규칙 점검,,16,Y,,N,EXCEPTION,EXCEPTION_NO_RESULT_SAMPLE,,NO,NOT_OBSERVED,UNCERTAIN,UNCERTAIN,inspection_set_items=16; result_sample=0; no observed result shape
941d8f74-0776-4615-bb4e-243e4c1fbd7f,전기안전관리법 시행령 점검,ELEC,16,Y,,N,EXCEPTION,EXCEPTION_NO_RESULT_SAMPLE,,NO,NOT_OBSERVED,UNCERTAIN,UNCERTAIN,inspection_set_items=16; result_sample=0; no observed result shape
946d7057-61f0-489c-a649-efcf5bd844d0,안전관리자 선임 신고,SAFETY,16,Y,,N,EXCEPTION,EXCEPTION_NO_RESULT_SAMPLE,,NO,NOT_OBSERVED,UNCERTAIN,UNCERTAIN,inspection_set_items=16; result_sample=0; no observed result shape
95b06981-ae34-4a41-9f5d-869b74fd7e9d,건설기계관리법 시행령 점검,,16,Y,,N,EXCEPTION,EXCEPTION_NO_RESULT_SAMPLE,,NO,NOT_OBSERVED,UNCERTAIN,UNCERTAIN,inspection_set_items=16; result_sample=0; no observed result shape
960c02c6-689e-488a-bd69-65f4244e9fdf,산업안전보건기준에 관한 규칙 점검,,16,Y,,N,EXCEPTION,EXCEPTION_NO_RESULT_SAMPLE,,NO,NOT_OBSERVED,UNCERTAIN,UNCERTAIN,inspection_set_items=16; result_sample=0; no observed result shape
960f488b-6116-45e4-a9df-53e5a7623237,산업안전보건기준에 관한 규칙 점검,,16,Y,,N,EXCEPTION,EXCEPTION_NO_RESULT_SAMPLE,,NO,NOT_OBSERVED,UNCERTAIN,UNCERTAIN,inspection_set_items=16; result_sample=0; no observed result shape
96523749-b235-4de6-95a8-46251f9b088b,산업안전보건기준에 관한 규칙 점검,,16,Y,,N,EXCEPTION,EXCEPTION_NO_RESULT_SAMPLE,,NO,NOT_OBSERVED,UNCERTAIN,UNCERTAIN,inspection_set_items=16; result_sample=0; no observed result shape
96a1f8f1-6028-48cc-a4be-c83416b21cbb,산업안전보건기준에 관한 규칙 점검,,16,Y,,N,EXCEPTION,EXCEPTION_NO_RESULT_SAMPLE,,NO,NOT_OBSERVED,UNCERTAIN,UNCERTAIN,inspection_set_items=16; result_sample=0; no observed result shape
978801fa-1b51-4f89-800a-bf5097293804,산업안전보건법 시행규칙 점검,,16,Y,,N,EXCEPTION,EXCEPTION_NO_RESULT_SAMPLE,,NO,NOT_OBSERVED,UNCERTAIN,UNCERTAIN,inspection_set_items=16; result_sample=0; no observed result shape
98b4eb5a-d5a4-491f-8499-e394deab13dc,건설기술 진흥법 시행규칙 점검,,16,Y,,N,EXCEPTION,EXCEPTION_NO_RESULT_SAMPLE,,NO,NOT_OBSERVED,UNCERTAIN,UNCERTAIN,inspection_set_items=16; result_sample=0; no observed result shape
9a6cab0b-516d-436c-81cc-80434012d8bf,위험물안전관리법 시행규칙 점검,HAZMAT,16,Y,,N,EXCEPTION,EXCEPTION_NO_RESULT_SAMPLE,,NO,NOT_OBSERVED,UNCERTAIN,UNCERTAIN,inspection_set_items=16; result_sample=0; no observed result shape
9aa74e73-6cd8-49e1-bec2-e34f1ccd0a03,안전보건교육규정 점검,SAFETY,16,Y,,N,EXCEPTION,EXCEPTION_NO_RESULT_SAMPLE,,NO,NOT_OBSERVED,UNCERTAIN,UNCERTAIN,inspection_set_items=16; result_sample=0; no observed result shape
9b4f85e8-120f-4b36-a210-fb602e2cdf25,산업안전보건법 시행규칙 점검,,16,Y,,N,EXCEPTION,EXCEPTION_NO_RESULT_SAMPLE,,NO,NOT_OBSERVED,UNCERTAIN,UNCERTAIN,inspection_set_items=16; result_sample=0; no observed result shape
9b5c1b38-d5b7-4e94-b6e2-76ad22ac342e,산업안전보건법 시행규칙 점검,,16,Y,,N,EXCEPTION,EXCEPTION_NO_RESULT_SAMPLE,,NO,NOT_OBSERVED,UNCERTAIN,UNCERTAIN,inspection_set_items=16; result_sample=0; no observed result shape
9ba44d9a-b616-4176-ac7b-9d83fbe3b9ed,산업안전보건기준에 관한 규칙 점검,,16,Y,,N,EXCEPTION,EXCEPTION_NO_RESULT_SAMPLE,,NO,NOT_OBSERVED,UNCERTAIN,UNCERTAIN,inspection_set_items=16; result_sample=0; no observed result shape
9baa4fa0-8f5c-4f61-acc7-e3a2e0caff4d,산업안전보건기준에 관한 규칙 점검,,16,Y,,N,EXCEPTION,EXCEPTION_NO_RESULT_SAMPLE,,NO,NOT_OBSERVED,UNCERTAIN,UNCERTAIN,inspection_set_items=16; result_sample=0; no observed result shape
9bada891-c20a-4d86-a58f-3465c82d14c2,산업안전보건기준에 관한 규칙 점검,,16,Y,,N,EXCEPTION,EXCEPTION_NO_RESULT_SAMPLE,,NO,NOT_OBSERVED,UNCERTAIN,UNCERTAIN,inspection_set_items=16; result_sample=0; no observed result shape
9d784458-ecf9-4ecd-b66b-c788b46902db,산업안전보건기준에 관한 규칙 점검,,16,Y,,N,EXCEPTION,EXCEPTION_NO_RESULT_SAMPLE,,NO,NOT_OBSERVED,UNCERTAIN,UNCERTAIN,inspection_set_items=16; result_sample=0; no observed result shape
9e5465e1-3909-4379-8700-c176eef27fef,건설기계관리법 시행령 점검,,16,Y,,N,EXCEPTION,EXCEPTION_NO_RESULT_SAMPLE,,NO,NOT_OBSERVED,UNCERTAIN,UNCERTAIN,inspection_set_items=16; result_sample=0; no observed result shape
9eb208d0-0ad1-444f-b5b2-ffdac14444ee,산업안전보건기준에 관한 규칙 점검,,16,Y,,N,EXCEPTION,EXCEPTION_NO_RESULT_SAMPLE,,NO,NOT_OBSERVED,UNCERTAIN,UNCERTAIN,inspection_set_items=16; result_sample=0; no observed result shape
9fec4ffd-224d-4df1-9fa7-9cbdeb288960,산업안전보건법 시행규칙 점검,,16,Y,,N,EXCEPTION,EXCEPTION_NO_RESULT_SAMPLE,,NO,NOT_OBSERVED,UNCERTAIN,UNCERTAIN,inspection_set_items=16; result_sample=0; no observed result shape
a0b5033b-dba2-4482-b4a5-086d03ea20ac,건설기술 진흥법 점검,,16,Y,,N,EXCEPTION,EXCEPTION_NO_RESULT_SAMPLE,,NO,NOT_OBSERVED,UNCERTAIN,UNCERTAIN,inspection_set_items=16; result_sample=0; no observed result shape
a121ff19-9213-4693-9734-deccd18bb18e,산업안전보건기준에 관한 규칙 점검,,16,Y,,N,EXCEPTION,EXCEPTION_NO_RESULT_SAMPLE,,NO,NOT_OBSERVED,UNCERTAIN,UNCERTAIN,inspection_set_items=16; result_sample=0; no observed result shape
a2d54f5f-d82f-4b3a-80a2-86025007e15e,산업안전보건법 시행규칙 점검,,16,Y,,N,EXCEPTION,EXCEPTION_NO_RESULT_SAMPLE,,NO,NOT_OBSERVED,UNCERTAIN,UNCERTAIN,inspection_set_items=16; result_sample=0; no observed result shape
a3f3fe21-1984-455f-850c-79fce0dc5ed7,건축법 점검,BUILDING,16,Y,,N,EXCEPTION,EXCEPTION_NO_RESULT_SAMPLE,,NO,NOT_OBSERVED,UNCERTAIN,UNCERTAIN,inspection_set_items=16; result_sample=0; no observed result shape
a41f5ac7-0d59-461a-87ff-76a399a537ce,안전관리자 선임,,0,N,,N,NON_ELIGIBLE,NON_INSPECTION_OBLIGATION,,NO,NOT_APPLICABLE,NOT_APPLICABLE,NOT_APPLICABLE,obligation_type=APPOINT; item_count=0; bridge=N; no inspection structure
a49ace20-59c9-4529-b728-1a201c02c2a4,화학물질의 분류·표시 및 물질안전보건자료에 관한 기준 점검,ENV,16,Y,,N,EXCEPTION,EXCEPTION_NO_RESULT_SAMPLE,,NO,NOT_OBSERVED,UNCERTAIN,UNCERTAIN,inspection_set_items=16; result_sample=0; no observed result shape
a64a3f18-90f7-43da-a71b-9868a41da50f,산업안전보건기준에 관한 규칙 점검,,16,Y,,N,EXCEPTION,EXCEPTION_NO_RESULT_SAMPLE,,NO,NOT_OBSERVED,UNCERTAIN,UNCERTAIN,inspection_set_items=16; result_sample=0; no observed result shape
a689ab83-bc42-4060-98e2-8075e74e1a1b,산업안전보건기준에 관한 규칙 점검,,16,Y,,N,EXCEPTION,EXCEPTION_NO_RESULT_SAMPLE,,NO,NOT_OBSERVED,UNCERTAIN,UNCERTAIN,inspection_set_items=16; result_sample=0; no observed result shape
a74b4b6f-4d1e-4fbd-bbde-f93d126fbef7,산업안전보건기준에 관한 규칙 점검,,16,Y,,N,EXCEPTION,EXCEPTION_NO_RESULT_SAMPLE,,NO,NOT_OBSERVED,UNCERTAIN,UNCERTAIN,inspection_set_items=16; result_sample=0; no observed result shape
a843b094-b3b9-4636-8b40-772bbc3b2376,산업안전보건기준에 관한 규칙 점검,,16,Y,,N,EXCEPTION,EXCEPTION_NO_RESULT_SAMPLE,,NO,NOT_OBSERVED,UNCERTAIN,UNCERTAIN,inspection_set_items=16; result_sample=0; no observed result shape
aa78992a-eb7d-40ab-8a67-4c4dd2e57bad,산업안전보건법 시행규칙 점검,,16,Y,,N,EXCEPTION,EXCEPTION_NO_RESULT_SAMPLE,,NO,NOT_OBSERVED,UNCERTAIN,UNCERTAIN,inspection_set_items=16; result_sample=0; no observed result shape
aa9efff1-3eaa-4c33-8e51-213810ac19e9,산업안전보건기준에 관한 규칙 점검,,16,Y,,N,EXCEPTION,EXCEPTION_NO_RESULT_SAMPLE,,NO,NOT_OBSERVED,UNCERTAIN,UNCERTAIN,inspection_set_items=16; result_sample=0; no observed result shape
ad32285b-ea66-4159-b084-7adf251989ad,산업안전보건법 점검,SAFETY,16,Y,,N,EXCEPTION,EXCEPTION_NO_RESULT_SAMPLE,,NO,NOT_OBSERVED,UNCERTAIN,UNCERTAIN,inspection_set_items=16; result_sample=0; no observed result shape
ad9453cd-8d84-45ec-a5a2-49b05551722a,산업안전보건법 시행규칙 점검,,16,Y,,N,EXCEPTION,EXCEPTION_NO_RESULT_SAMPLE,,NO,NOT_OBSERVED,UNCERTAIN,UNCERTAIN,inspection_set_items=16; result_sample=0; no observed result shape
ae06f8e1-44fb-4fc5-bd84-0e02cb71577b,산업안전보건기준에 관한 규칙 점검,,16,Y,,N,EXCEPTION,EXCEPTION_NO_RESULT_SAMPLE,,NO,NOT_OBSERVED,UNCERTAIN,UNCERTAIN,inspection_set_items=16; result_sample=0; no observed result shape
ae852cdf-5678-4b9b-b230-63082be1e269,정기 안전보건교육,교육,16,Y,,N,EXCEPTION,EXCEPTION_NO_RESULT_SAMPLE,,NO,NOT_OBSERVED,UNCERTAIN,UNCERTAIN,inspection_set_items=16; result_sample=0; no observed result shape
ae873a8a-55ec-4c19-ac4e-7416bd6dd943,화학물질 취급시설 기타 안전관리,HAZMAT,16,Y,,N,EXCEPTION,EXCEPTION_NO_RESULT_SAMPLE,,NO,NOT_OBSERVED,UNCERTAIN,UNCERTAIN,inspection_set_items=16; result_sample=0; no observed result shape
b23162b6-4005-4cbe-8fa1-c491e649cddb,산업안전보건기준에 관한 규칙 점검,,16,Y,,N,EXCEPTION,EXCEPTION_NO_RESULT_SAMPLE,,NO,NOT_OBSERVED,UNCERTAIN,UNCERTAIN,inspection_set_items=16; result_sample=0; no observed result shape
b37a61e4-c519-49c8-826f-2578d295d0f7,산업안전보건법 점검,,16,Y,,N,EXCEPTION,EXCEPTION_NO_RESULT_SAMPLE,,NO,NOT_OBSERVED,UNCERTAIN,UNCERTAIN,inspection_set_items=16; result_sample=0; no observed result shape
b42765cd-59d1-4f00-9baa-13584e3c16b4,산업안전보건기준에 관한 규칙 점검,,16,Y,,N,EXCEPTION,EXCEPTION_NO_RESULT_SAMPLE,,NO,NOT_OBSERVED,UNCERTAIN,UNCERTAIN,inspection_set_items=16; result_sample=0; no observed result shape
b4930aec-7209-43d3-bb1d-64ad6c9f30fe,건축물관리법 시행령 점검,BUILDING,16,Y,,N,EXCEPTION,EXCEPTION_NO_RESULT_SAMPLE,,NO,NOT_OBSERVED,UNCERTAIN,UNCERTAIN,inspection_set_items=16; result_sample=0; no observed result shape
b4f98b01-959c-4363-8273-256f48726802,산업안전보건기준에 관한 규칙 점검,,16,Y,,N,EXCEPTION,EXCEPTION_NO_RESULT_SAMPLE,,NO,NOT_OBSERVED,UNCERTAIN,UNCERTAIN,inspection_set_items=16; result_sample=0; no observed result shape
b53271b8-feab-49cc-8f2a-594a617e04cf,산업안전보건법 시행규칙 점검,,16,Y,,N,EXCEPTION,EXCEPTION_NO_RESULT_SAMPLE,,NO,NOT_OBSERVED,UNCERTAIN,UNCERTAIN,inspection_set_items=16; result_sample=0; no observed result shape
b5b49d5b-5803-4fb4-b540-aba14df6a901,산업안전보건기준에 관한 규칙 점검,,16,Y,,N,EXCEPTION,EXCEPTION_NO_RESULT_SAMPLE,,NO,NOT_OBSERVED,UNCERTAIN,UNCERTAIN,inspection_set_items=16; result_sample=0; no observed result shape
b655ed68-af4c-4661-bf56-6c7e988f9b86,하수도법 점검,INFRA,16,Y,,N,EXCEPTION,EXCEPTION_NO_RESULT_SAMPLE,,NO,NOT_OBSERVED,UNCERTAIN,UNCERTAIN,inspection_set_items=16; result_sample=0; no observed result shape
b6cdd9be-1a44-4f6f-90d1-5ac981114864,산업안전보건기준에 관한 규칙 점검,,16,Y,,N,EXCEPTION,EXCEPTION_NO_RESULT_SAMPLE,,NO,NOT_OBSERVED,UNCERTAIN,UNCERTAIN,inspection_set_items=16; result_sample=0; no observed result shape
b6cf9428-42ee-4401-bd2e-a3725dbe9a8e,안전보건교육규정 점검,SAFETY,16,Y,,N,EXCEPTION,EXCEPTION_NO_RESULT_SAMPLE,,NO,NOT_OBSERVED,UNCERTAIN,UNCERTAIN,inspection_set_items=16; result_sample=0; no observed result shape
b714d2e6-abbc-4087-a91c-4311b51b9cf3,위험물안전관리법 점검,HAZMAT,16,Y,,N,EXCEPTION,EXCEPTION_NO_RESULT_SAMPLE,,NO,NOT_OBSERVED,UNCERTAIN,UNCERTAIN,inspection_set_items=16; result_sample=0; no observed result shape
b757c068-c0c5-4639-80f6-dcccbfae85fd,건축물관리법 점검,BUILDING,16,Y,,N,EXCEPTION,EXCEPTION_NO_RESULT_SAMPLE,,NO,NOT_OBSERVED,UNCERTAIN,UNCERTAIN,inspection_set_items=16; result_sample=0; no observed result shape
b7c5e872-608f-494c-abc1-af8b31a3e4d7,산업안전보건기준에 관한 규칙 점검,,16,Y,,N,EXCEPTION,EXCEPTION_NO_RESULT_SAMPLE,,NO,NOT_OBSERVED,UNCERTAIN,UNCERTAIN,inspection_set_items=16; result_sample=0; no observed result shape
b87c1f24-2ef7-4fb3-a237-be8ff7972719,비계/작업발판 일상점검,가시설점검,16,Y,,N,EXCEPTION,EXCEPTION_NO_RESULT_SAMPLE,,NO,NOT_OBSERVED,UNCERTAIN,UNCERTAIN,inspection_set_items=16; result_sample=0; no observed result shape
b9b46884-6166-4808-9565-cdb59443d3a9,산업안전보건기준에 관한 규칙 점검,,16,Y,,N,EXCEPTION,EXCEPTION_NO_RESULT_SAMPLE,,NO,NOT_OBSERVED,UNCERTAIN,UNCERTAIN,inspection_set_items=16; result_sample=0; no observed result shape
ba0f5403-e53b-42b3-a6d3-a53490280626,산업안전보건기준에 관한 규칙 점검,,16,Y,,N,EXCEPTION,EXCEPTION_NO_RESULT_SAMPLE,,NO,NOT_OBSERVED,UNCERTAIN,UNCERTAIN,inspection_set_items=16; result_sample=0; no observed result shape
ba4c19c6-6df2-418b-8e29-da92cc1aef3a,산업안전보건법 점검,,16,Y,,N,EXCEPTION,EXCEPTION_NO_RESULT_SAMPLE,,NO,NOT_OBSERVED,UNCERTAIN,UNCERTAIN,inspection_set_items=16; result_sample=0; no observed result shape
bacefe4f-ea19-45f8-b257-7a007c87ffb6,건설기계관리법 점검,,16,Y,,N,EXCEPTION,EXCEPTION_NO_RESULT_SAMPLE,,NO,NOT_OBSERVED,UNCERTAIN,UNCERTAIN,inspection_set_items=16; result_sample=0; no observed result shape
be412d0d-b205-4087-91b9-0d4312e99ec9,건설기계 안전기준 시행세칙 점검,,16,Y,,N,EXCEPTION,EXCEPTION_NO_RESULT_SAMPLE,,NO,NOT_OBSERVED,UNCERTAIN,UNCERTAIN,inspection_set_items=16; result_sample=0; no observed result shape
bec23692-41fb-49b4-ae5d-9828758136b5,산업안전보건법 시행규칙 점검,,16,Y,,N,EXCEPTION,EXCEPTION_NO_RESULT_SAMPLE,,NO,NOT_OBSERVED,UNCERTAIN,UNCERTAIN,inspection_set_items=16; result_sample=0; no observed result shape
bfeca424-9373-4e2b-9698-847059fbe183,산업안전보건법 점검,,16,Y,,N,EXCEPTION,EXCEPTION_NO_RESULT_SAMPLE,,NO,NOT_OBSERVED,UNCERTAIN,UNCERTAIN,inspection_set_items=16; result_sample=0; no observed result shape
c0461e68-7a07-4eae-b764-2f91aaa6f952,산업안전보건법 점검,,16,Y,,N,EXCEPTION,EXCEPTION_NO_RESULT_SAMPLE,,NO,NOT_OBSERVED,UNCERTAIN,UNCERTAIN,inspection_set_items=16; result_sample=0; no observed result shape
c15d782a-0d77-493f-94a6-09a14b608b23,산업안전보건기준에 관한 규칙 점검,,16,Y,,N,EXCEPTION,EXCEPTION_NO_RESULT_SAMPLE,,NO,NOT_OBSERVED,UNCERTAIN,UNCERTAIN,inspection_set_items=16; result_sample=0; no observed result shape
c16b392a-3af3-4b6e-832b-f5183b79ae83,건축물관리법 점검,BUILDING,16,Y,,N,EXCEPTION,EXCEPTION_NO_RESULT_SAMPLE,,NO,NOT_OBSERVED,UNCERTAIN,UNCERTAIN,inspection_set_items=16; result_sample=0; no observed result shape
c189790d-603e-480a-bffe-57fb3ec05e6b,산업안전보건기준에 관한 규칙 점검,,16,Y,,N,EXCEPTION,EXCEPTION_NO_RESULT_SAMPLE,,NO,NOT_OBSERVED,UNCERTAIN,UNCERTAIN,inspection_set_items=16; result_sample=0; no observed result shape
c277c505-2fdb-42f4-8afc-e32c3a38861b,산업안전보건기준에 관한 규칙 점검,,16,Y,,N,EXCEPTION,EXCEPTION_NO_RESULT_SAMPLE,,NO,NOT_OBSERVED,UNCERTAIN,UNCERTAIN,inspection_set_items=16; result_sample=0; no observed result shape
c5ded128-52f2-40db-888a-7d9ea1b3b369,산업안전보건기준에 관한 규칙 점검,,16,Y,,N,EXCEPTION,EXCEPTION_NO_RESULT_SAMPLE,,NO,NOT_OBSERVED,UNCERTAIN,UNCERTAIN,inspection_set_items=16; result_sample=0; no observed result shape
c6889b86-3649-47f9-827b-74bd43997158,유해화학물질 관리자 선임,HAZMAT,16,Y,,N,EXCEPTION,EXCEPTION_NO_RESULT_SAMPLE,,NO,NOT_OBSERVED,UNCERTAIN,UNCERTAIN,inspection_set_items=16; result_sample=0; no observed result shape
c69fd705-22c6-48b8-8374-70dd4655722f,폐기물관리법 시행규칙 점검,ENV,16,Y,,N,EXCEPTION,EXCEPTION_NO_RESULT_SAMPLE,,NO,NOT_OBSERVED,UNCERTAIN,UNCERTAIN,inspection_set_items=16; result_sample=0; no observed result shape
c6d95d97-fb3e-4baf-acc4-b2a893c29dfb,산업안전보건기준에 관한 규칙 점검,,16,Y,,N,EXCEPTION,EXCEPTION_NO_RESULT_SAMPLE,,NO,NOT_OBSERVED,UNCERTAIN,UNCERTAIN,inspection_set_items=16; result_sample=0; no observed result shape
c6ea4c3c-9589-40d1-af27-b8396255fb28,산업안전보건기준에 관한 규칙 점검,,16,Y,,N,EXCEPTION,EXCEPTION_NO_RESULT_SAMPLE,,NO,NOT_OBSERVED,UNCERTAIN,UNCERTAIN,inspection_set_items=16; result_sample=0; no observed result shape
c7060b4d-3648-423f-96e7-4eecca234f5d,산업안전보건기준에 관한 규칙 점검,,16,Y,,N,EXCEPTION,EXCEPTION_NO_RESULT_SAMPLE,,NO,NOT_OBSERVED,UNCERTAIN,UNCERTAIN,inspection_set_items=16; result_sample=0; no observed result shape
c71c63e4-0715-436f-b1f9-abf43f8b3661,악취방지법 점검,ENV,16,Y,,N,EXCEPTION,EXCEPTION_NO_RESULT_SAMPLE,,NO,NOT_OBSERVED,UNCERTAIN,UNCERTAIN,inspection_set_items=16; result_sample=0; no observed result shape
c749fa15-5e5d-4717-85ca-66584a9adf05,산업안전보건법 시행규칙 점검,,16,Y,,N,EXCEPTION,EXCEPTION_NO_RESULT_SAMPLE,,NO,NOT_OBSERVED,UNCERTAIN,UNCERTAIN,inspection_set_items=16; result_sample=0; no observed result shape
c7abd3a5-b4fa-4366-b7b2-8d64ce6c91a2,건설기계 안전기준 시행세칙 점검,,16,Y,,N,EXCEPTION,EXCEPTION_NO_RESULT_SAMPLE,,NO,NOT_OBSERVED,UNCERTAIN,UNCERTAIN,inspection_set_items=16; result_sample=0; no observed result shape
c8a296c4-bf56-43f9-99b7-61e3c679b866,산업안전보건기준에 관한 규칙 점검,,16,Y,,N,EXCEPTION,EXCEPTION_NO_RESULT_SAMPLE,,NO,NOT_OBSERVED,UNCERTAIN,UNCERTAIN,inspection_set_items=16; result_sample=0; no observed result shape
c974ae17-095c-46c1-97d2-2846415c2160,하수도법 점검,INFRA,16,Y,,N,EXCEPTION,EXCEPTION_NO_RESULT_SAMPLE,,NO,NOT_OBSERVED,UNCERTAIN,UNCERTAIN,inspection_set_items=16; result_sample=0; no observed result shape
c97f9974-e69b-4dfe-bb8c-2b174ab22351,산업안전보건기준에 관한 규칙 점검,,16,Y,,N,EXCEPTION,EXCEPTION_NO_RESULT_SAMPLE,,NO,NOT_OBSERVED,UNCERTAIN,UNCERTAIN,inspection_set_items=16; result_sample=0; no observed result shape
cc72ddcf-06a2-46e5-ac59-590119b74935,건설기술 진흥법 점검,,16,Y,,N,EXCEPTION,EXCEPTION_NO_RESULT_SAMPLE,,NO,NOT_OBSERVED,UNCERTAIN,UNCERTAIN,inspection_set_items=16; result_sample=0; no observed result shape
cc814317-bbc0-4b20-9e8a-bbe317458559,산업안전보건기준에 관한 규칙 점검,,16,Y,,N,EXCEPTION,EXCEPTION_NO_RESULT_SAMPLE,,NO,NOT_OBSERVED,UNCERTAIN,UNCERTAIN,inspection_set_items=16; result_sample=0; no observed result shape
ce2d82cf-c6d4-4cf4-9c1f-df09ab2ee503,산업안전보건기준에 관한 규칙 점검,,16,Y,,N,EXCEPTION,EXCEPTION_NO_RESULT_SAMPLE,,NO,NOT_OBSERVED,UNCERTAIN,UNCERTAIN,inspection_set_items=16; result_sample=0; no observed result shape
cfc37571-1011-4d4a-8957-d99b6fce04f1,산업안전보건법 시행규칙 점검,,16,Y,,N,EXCEPTION,EXCEPTION_NO_RESULT_SAMPLE,,NO,NOT_OBSERVED,UNCERTAIN,UNCERTAIN,inspection_set_items=16; result_sample=0; no observed result shape
d01be077-6243-463b-95fb-5bdefc0320ad,산업안전보건법 시행규칙 점검,,16,Y,,N,EXCEPTION,EXCEPTION_NO_RESULT_SAMPLE,,NO,NOT_OBSERVED,UNCERTAIN,UNCERTAIN,inspection_set_items=16; result_sample=0; no observed result shape
d07be4b5-d86b-4a5e-983f-d4fcc61a9f94,산업안전보건기준에 관한 규칙 점검,,16,Y,,N,EXCEPTION,EXCEPTION_NO_RESULT_SAMPLE,,NO,NOT_OBSERVED,UNCERTAIN,UNCERTAIN,inspection_set_items=16; result_sample=0; no observed result shape
d0d60167-3278-4476-8abe-4d9f90ebd04a,소음·진동관리법 점검,ENV,16,Y,,N,EXCEPTION,EXCEPTION_NO_RESULT_SAMPLE,,NO,NOT_OBSERVED,UNCERTAIN,UNCERTAIN,inspection_set_items=16; result_sample=0; no observed result shape
d122ae53-6b69-479d-8054-3b3550d60491,산업안전보건법 점검,,16,Y,,N,EXCEPTION,EXCEPTION_NO_RESULT_SAMPLE,,NO,NOT_OBSERVED,UNCERTAIN,UNCERTAIN,inspection_set_items=16; result_sample=0; no observed result shape
d4615b18-b206-4f0c-a1b2-679c2d6dd752,산업안전보건기준에 관한 규칙 점검,,16,Y,,N,EXCEPTION,EXCEPTION_NO_RESULT_SAMPLE,,NO,NOT_OBSERVED,UNCERTAIN,UNCERTAIN,inspection_set_items=16; result_sample=0; no observed result shape
d727badc-43db-496d-85eb-e86445f30ba0,산업안전보건기준에 관한 규칙 점검,,16,Y,,N,EXCEPTION,EXCEPTION_NO_RESULT_SAMPLE,,NO,NOT_OBSERVED,UNCERTAIN,UNCERTAIN,inspection_set_items=16; result_sample=0; no observed result shape
d7441456-8955-4def-ac9e-8b4edc5b6b8d,산업안전보건법 시행규칙 점검,,16,Y,,N,EXCEPTION,EXCEPTION_NO_RESULT_SAMPLE,,NO,NOT_OBSERVED,UNCERTAIN,UNCERTAIN,inspection_set_items=16; result_sample=0; no observed result shape
d74c31a0-9d53-4d43-8474-33372493b950,소방시설 설치 및 관리에 관한 법률 점검,FIRE,16,Y,,N,EXCEPTION,EXCEPTION_NO_RESULT_SAMPLE,,NO,NOT_OBSERVED,UNCERTAIN,UNCERTAIN,inspection_set_items=16; result_sample=0; no observed result shape
d78a6a01-9c30-4187-8685-21abfeca7c2f,산업안전보건법 시행규칙 점검,,16,Y,,N,EXCEPTION,EXCEPTION_NO_RESULT_SAMPLE,,NO,NOT_OBSERVED,UNCERTAIN,UNCERTAIN,inspection_set_items=16; result_sample=0; no observed result shape
d8b2b65a-471d-4d9e-97ff-11717a43eae6,산업안전보건기준에 관한 규칙 점검,,16,Y,,N,EXCEPTION,EXCEPTION_NO_RESULT_SAMPLE,,NO,NOT_OBSERVED,UNCERTAIN,UNCERTAIN,inspection_set_items=16; result_sample=0; no observed result shape
d90bf8a8-caee-4ac5-912c-e4e32c909021,산업안전보건기준에 관한 규칙 점검,,16,Y,,N,EXCEPTION,EXCEPTION_NO_RESULT_SAMPLE,,NO,NOT_OBSERVED,UNCERTAIN,UNCERTAIN,inspection_set_items=16; result_sample=0; no observed result shape
d9fcc0c7-2eae-4a3c-86ad-da91a25c3593,대기환경보전법 시행규칙 점검,ENV,16,Y,,N,EXCEPTION,EXCEPTION_NO_RESULT_SAMPLE,,NO,NOT_OBSERVED,UNCERTAIN,UNCERTAIN,inspection_set_items=16; result_sample=0; no observed result shape
da237734-df04-4cae-9bca-4fa24ccbd5cb,산업안전보건기준에 관한 규칙 점검,,16,Y,,N,EXCEPTION,EXCEPTION_NO_RESULT_SAMPLE,,NO,NOT_OBSERVED,UNCERTAIN,UNCERTAIN,inspection_set_items=16; result_sample=0; no observed result shape
dd09856f-45f7-4f30-9d94-c04fd8225a81,산업안전보건기준에 관한 규칙 점검,,16,Y,,N,EXCEPTION,EXCEPTION_NO_RESULT_SAMPLE,,NO,NOT_OBSERVED,UNCERTAIN,UNCERTAIN,inspection_set_items=16; result_sample=0; no observed result shape
dd4cf869-7d9f-4d54-abe2-5aaf1b9369c4,안전관리계획서 이행점검,안전관리,16,Y,,N,EXCEPTION,EXCEPTION_NO_RESULT_SAMPLE,,NO,NOT_OBSERVED,UNCERTAIN,UNCERTAIN,inspection_set_items=16; result_sample=0; no observed result shape
dd514629-ec7b-4ceb-83d5-2bdf5bbd8e2b,산업안전보건기준에 관한 규칙 점검,,16,Y,,N,EXCEPTION,EXCEPTION_NO_RESULT_SAMPLE,,NO,NOT_OBSERVED,UNCERTAIN,UNCERTAIN,inspection_set_items=16; result_sample=0; no observed result shape
dd8bd01b-aaa9-4135-93fd-7277655ac7eb,소음·진동관리법 점검,ENV,16,Y,,N,EXCEPTION,EXCEPTION_NO_RESULT_SAMPLE,,NO,NOT_OBSERVED,UNCERTAIN,UNCERTAIN,inspection_set_items=16; result_sample=0; no observed result shape
de20e59c-b8c0-464d-b679-6c54da29242f,산업안전보건법 점검,,16,Y,,N,EXCEPTION,EXCEPTION_NO_RESULT_SAMPLE,,NO,NOT_OBSERVED,UNCERTAIN,UNCERTAIN,inspection_set_items=16; result_sample=0; no observed result shape
de391b5e-3b92-4897-8444-d6334c9185ce,폐기물관리법 점검,ENV,16,Y,,N,EXCEPTION,EXCEPTION_NO_RESULT_SAMPLE,,NO,NOT_OBSERVED,UNCERTAIN,UNCERTAIN,inspection_set_items=16; result_sample=0; no observed result shape
df5753f9-12f5-4a63-8d62-d9c86df3658e,산업안전보건법 점검,,16,Y,,N,EXCEPTION,EXCEPTION_NO_RESULT_SAMPLE,,NO,NOT_OBSERVED,UNCERTAIN,UNCERTAIN,inspection_set_items=16; result_sample=0; no observed result shape
e17e1b2e-f2b4-4ec0-9d83-85754e8406d5,산업안전보건기준에 관한 규칙 점검,,16,Y,,N,EXCEPTION,EXCEPTION_NO_RESULT_SAMPLE,,NO,NOT_OBSERVED,UNCERTAIN,UNCERTAIN,inspection_set_items=16; result_sample=0; no observed result shape
e3349240-8539-40d0-ae41-a8d115d40ce7,산업안전보건기준에 관한 규칙 점검,,16,Y,,N,EXCEPTION,EXCEPTION_NO_RESULT_SAMPLE,,NO,NOT_OBSERVED,UNCERTAIN,UNCERTAIN,inspection_set_items=16; result_sample=0; no observed result shape
e4bce684-6a9f-41a1-a816-5bba06abd364,기계식주차장치의 안전기준 및 검사기준 등에 관한 규정 점검,MACHINERY,16,Y,,N,EXCEPTION,EXCEPTION_NO_RESULT_SAMPLE,,NO,NOT_OBSERVED,UNCERTAIN,UNCERTAIN,inspection_set_items=16; result_sample=0; no observed result shape
e572dd7c-9515-45ee-8e17-f084ecfcd89c,산업안전보건기준에 관한 규칙 점검,,16,Y,,N,EXCEPTION,EXCEPTION_NO_RESULT_SAMPLE,,NO,NOT_OBSERVED,UNCERTAIN,UNCERTAIN,inspection_set_items=16; result_sample=0; no observed result shape
e76362bf-279f-40b2-9aa7-249c804bf46f,산업안전보건기준에 관한 규칙 점검,,16,Y,,N,EXCEPTION,EXCEPTION_NO_RESULT_SAMPLE,,NO,NOT_OBSERVED,UNCERTAIN,UNCERTAIN,inspection_set_items=16; result_sample=0; no observed result shape
e7bc4aa4-89df-45ac-9ae2-baa298e15cb0,건설기계관리법 점검,,16,Y,,N,EXCEPTION,EXCEPTION_NO_RESULT_SAMPLE,,NO,NOT_OBSERVED,UNCERTAIN,UNCERTAIN,inspection_set_items=16; result_sample=0; no observed result shape
e7d42794-1b7b-455d-a7db-a7b6fb961d01,산업안전보건기준에 관한 규칙 점검,,16,Y,,N,EXCEPTION,EXCEPTION_NO_RESULT_SAMPLE,,NO,NOT_OBSERVED,UNCERTAIN,UNCERTAIN,inspection_set_items=16; result_sample=0; no observed result shape
e7e988d6-e7de-442c-a065-a642fa81f10c,산업안전보건기준에 관한 규칙 점검,,16,Y,,N,EXCEPTION,EXCEPTION_NO_RESULT_SAMPLE,,NO,NOT_OBSERVED,UNCERTAIN,UNCERTAIN,inspection_set_items=16; result_sample=0; no observed result shape
e8347af3-f212-4321-a3fa-e9afeddf238a,산업안전보건기준에 관한 규칙 점검,,16,Y,,N,EXCEPTION,EXCEPTION_NO_RESULT_SAMPLE,,NO,NOT_OBSERVED,UNCERTAIN,UNCERTAIN,inspection_set_items=16; result_sample=0; no observed result shape
e8e24261-73a1-4c39-972e-53d309357445,소음·진동관리법 점검,ENV,16,Y,,N,EXCEPTION,EXCEPTION_NO_RESULT_SAMPLE,,NO,NOT_OBSERVED,UNCERTAIN,UNCERTAIN,inspection_set_items=16; result_sample=0; no observed result shape
e9aa7930-daa7-4ab5-85c2-c7539d319987,건설기계관리법 점검,,16,Y,,N,EXCEPTION,EXCEPTION_NO_RESULT_SAMPLE,,NO,NOT_OBSERVED,UNCERTAIN,UNCERTAIN,inspection_set_items=16; result_sample=0; no observed result shape
e9fb91c4-de1f-443b-a94e-bbcfbbbbddea,산업안전보건기준에 관한 규칙 점검,,16,Y,,N,EXCEPTION,EXCEPTION_NO_RESULT_SAMPLE,,NO,NOT_OBSERVED,UNCERTAIN,UNCERTAIN,inspection_set_items=16; result_sample=0; no observed result shape
ea57ec3b-7c08-4e10-b5e4-f0fa235aa113,소화기 월간점검 테스트,FIRE,16,Y,,N,EXCEPTION,EXCEPTION_NO_RESULT_SAMPLE,,NO,NOT_OBSERVED,UNCERTAIN,UNCERTAIN,inspection_set_items=16; result_sample=0; no observed result shape
ebb312a5-a384-4ebc-a0f0-2515c0c729ee,토양환경보전법 점검,ENV,16,Y,,N,EXCEPTION,EXCEPTION_NO_RESULT_SAMPLE,,NO,NOT_OBSERVED,UNCERTAIN,UNCERTAIN,inspection_set_items=16; result_sample=0; no observed result shape
ec080b9a-2ec0-45c1-b4a7-f0e95a7e36b4,산업안전보건법 시행규칙 점검,,16,Y,,N,EXCEPTION,EXCEPTION_NO_RESULT_SAMPLE,,NO,NOT_OBSERVED,UNCERTAIN,UNCERTAIN,inspection_set_items=16; result_sample=0; no observed result shape
ec68f2bf-9041-48ea-a418-761c22b9ef3f,산업안전보건기준에 관한 규칙 점검,,16,Y,,N,EXCEPTION,EXCEPTION_NO_RESULT_SAMPLE,,NO,NOT_OBSERVED,UNCERTAIN,UNCERTAIN,inspection_set_items=16; result_sample=0; no observed result shape
ec9c45d1-825b-46c1-9b54-2a6f27773bb8,산업안전보건기준에 관한 규칙 점검,,16,Y,,N,EXCEPTION,EXCEPTION_NO_RESULT_SAMPLE,,NO,NOT_OBSERVED,UNCERTAIN,UNCERTAIN,inspection_set_items=16; result_sample=0; no observed result shape
ed155759-6034-4206-80c1-bec44e2f9786,건설기계관리법 점검,,16,Y,,N,EXCEPTION,EXCEPTION_NO_RESULT_SAMPLE,,NO,NOT_OBSERVED,UNCERTAIN,UNCERTAIN,inspection_set_items=16; result_sample=0; no observed result shape
eeaa3ac8-8721-4f8a-8591-8509ff7b1e90,산업안전보건기준에 관한 규칙 점검,,16,Y,,N,EXCEPTION,EXCEPTION_NO_RESULT_SAMPLE,,NO,NOT_OBSERVED,UNCERTAIN,UNCERTAIN,inspection_set_items=16; result_sample=0; no observed result shape
efc1e0cc-c31a-4adb-875f-7e66320ea73d,화학물질의 분류·표시 및 물질안전보건자료에 관한 기준 점검,ENV,16,Y,,N,EXCEPTION,EXCEPTION_NO_RESULT_SAMPLE,,NO,NOT_OBSERVED,UNCERTAIN,UNCERTAIN,inspection_set_items=16; result_sample=0; no observed result shape
efe321b2-b962-45f6-aec4-ed6a4d872349,산업안전보건기준에 관한 규칙 점검,,16,Y,,N,EXCEPTION,EXCEPTION_NO_RESULT_SAMPLE,,NO,NOT_OBSERVED,UNCERTAIN,UNCERTAIN,inspection_set_items=16; result_sample=0; no observed result shape
f268f839-c30f-4758-bd91-ebeeaf229c19,산업안전보건기준에 관한 규칙 점검,,16,Y,,N,EXCEPTION,EXCEPTION_NO_RESULT_SAMPLE,,NO,NOT_OBSERVED,UNCERTAIN,UNCERTAIN,inspection_set_items=16; result_sample=0; no observed result shape
f2d3ca18-70c9-4970-a5a5-d0cbd16c08c8,산업안전보건기준에 관한 규칙 점검,,16,Y,,N,EXCEPTION,EXCEPTION_NO_RESULT_SAMPLE,,NO,NOT_OBSERVED,UNCERTAIN,UNCERTAIN,inspection_set_items=16; result_sample=0; no observed result shape
f2e594ad-4984-49a0-9421-87c7b9cf760c,산업안전보건법 시행규칙 점검,,16,Y,,N,EXCEPTION,EXCEPTION_NO_RESULT_SAMPLE,,NO,NOT_OBSERVED,UNCERTAIN,UNCERTAIN,inspection_set_items=16; result_sample=0; no observed result shape
f76149c7-de48-4603-898e-d078ba7c3b24,산업안전보건법 시행규칙 점검,SAFETY,16,Y,,N,EXCEPTION,EXCEPTION_NO_RESULT_SAMPLE,,NO,NOT_OBSERVED,UNCERTAIN,UNCERTAIN,inspection_set_items=16; result_sample=0; no observed result shape
f786cb25-c126-46aa-85c6-be3a0f04c9af,산업안전보건기준에 관한 규칙 점검,,16,Y,,N,EXCEPTION,EXCEPTION_NO_RESULT_SAMPLE,,NO,NOT_OBSERVED,UNCERTAIN,UNCERTAIN,inspection_set_items=16; result_sample=0; no observed result shape
f85c59d6-4250-4280-887b-2b3acacb756c,산업안전보건기준에 관한 규칙 점검,,16,Y,,N,EXCEPTION,EXCEPTION_NO_RESULT_SAMPLE,,NO,NOT_OBSERVED,UNCERTAIN,UNCERTAIN,inspection_set_items=16; result_sample=0; no observed result shape
f8cffbe5-cfab-487c-86bf-e66b3910544d,산업안전보건기준에 관한 규칙 점검,,16,Y,,N,EXCEPTION,EXCEPTION_NO_RESULT_SAMPLE,,NO,NOT_OBSERVED,UNCERTAIN,UNCERTAIN,inspection_set_items=16; result_sample=0; no observed result shape
fb099d5d-33c3-48bd-b38d-8d18e4493af9,산업안전보건기준에 관한 규칙 점검,,16,Y,,N,EXCEPTION,EXCEPTION_NO_RESULT_SAMPLE,,NO,NOT_OBSERVED,UNCERTAIN,UNCERTAIN,inspection_set_items=16; result_sample=0; no observed result shape
fb93b7e0-bcc1-4a4a-98f3-47f7cf63344f,산업안전보건기준에 관한 규칙 점검,,16,Y,,N,EXCEPTION,EXCEPTION_NO_RESULT_SAMPLE,,NO,NOT_OBSERVED,UNCERTAIN,UNCERTAIN,inspection_set_items=16; result_sample=0; no observed result shape
fbaa902c-888b-4d5c-a1d9-83ed6663154f,거푸집/동바리 타설 전 점검,콘크리트작업,16,Y,,N,EXCEPTION,EXCEPTION_NO_RESULT_SAMPLE,,NO,NOT_OBSERVED,UNCERTAIN,UNCERTAIN,inspection_set_items=16; result_sample=0; no observed result shape
fc047a4a-c624-45eb-86fa-9510e7b63685,건설기계 안전기준 시행세칙 점검,MACHINERY,16,Y,,N,EXCEPTION,EXCEPTION_NO_RESULT_SAMPLE,,NO,NOT_OBSERVED,UNCERTAIN,UNCERTAIN,inspection_set_items=16; result_sample=0; no observed result shape
fcf620de-b348-4648-bf61-8bf08421b5e2,산업안전보건기준에 관한 규칙 점검,,16,Y,,N,EXCEPTION,EXCEPTION_NO_RESULT_SAMPLE,,NO,NOT_OBSERVED,UNCERTAIN,UNCERTAIN,inspection_set_items=16; result_sample=0; no observed result shape
fd66dbce-e603-4ce7-9fc5-4c569b1879d0,산업안전보건기준에 관한 규칙 점검,,16,Y,,N,EXCEPTION,EXCEPTION_NO_RESULT_SAMPLE,,NO,NOT_OBSERVED,UNCERTAIN,UNCERTAIN,inspection_set_items=16; result_sample=0; no observed result shape
fdf149a9-63c4-4dc5-8e2b-18072c398cbe,건설기계 안전기준 시행세칙 점검,,16,Y,,N,EXCEPTION,EXCEPTION_NO_RESULT_SAMPLE,,NO,NOT_OBSERVED,UNCERTAIN,UNCERTAIN,inspection_set_items=16; result_sample=0; no observed result shape
ff0fda21-cc81-43f8-afdf-736bdfdf16e5,산업안전보건기준에 관한 규칙 점검,,16,Y,,N,EXCEPTION,EXCEPTION_NO_RESULT_SAMPLE,,NO,NOT_OBSERVED,UNCERTAIN,UNCERTAIN,inspection_set_items=16; result_sample=0; no observed result shape
ff9ac643-e811-4440-9af0-37ab20ce8414,건축법 점검,BUILDING,16,Y,,N,EXCEPTION,EXCEPTION_NO_RESULT_SAMPLE,,NO,NOT_OBSERVED,UNCERTAIN,UNCERTAIN,inspection_set_items=16; result_sample=0; no observed result shape
